Seller_Email,Listing_ID,Category,Title,Product_Name,Product_Description,Price,Quantity
wspadelli8j@nsu.edu,747,Bakery & Bread,Freshness Guaranteed Steak Rolls,Steak Rolls,Yummy Rolls,$10 ,5
wspadelli8j@nsu.edu,2513,Bakery & Bread,Freshness Guaranteed Steak Rolls,Steak Rolls,Yummy Rolls,$10 ,5
dnaughton9f@nsu.edu,741,Basketball,Wilson NCAA Street Shot Outdoor Basketball,"Wilson Basketball 9""",For WNBA and kids,$29 ,5
dnaughton9f@nsu.edu,2505,Basketball,Wilson NCAA Street Shot Outdoor Basketball,"Wilson Basketball 9""",For WNBA and kids,$29 ,5
amaccathayam@nsu.edu,786,Bath Robes,Washed Linen Bathrobe,Mainstays Linen Bathrobe,Linen Bathrobe,$40 ,2
dbarrowcloughlz@nsu.edu,810,Bath Robes,Washed Linen Bathrobe,Mainstays Linen Bathrobe,Brobe,$40 ,5
lsekulla8w@nsu.edu,849,Bath Robes,Washed Linen Bathrobe,Mainstays Linen Bathrobe,Brobe,$40 ,4
srubinivitzlu@nsu.edu,870,Bath Robes,Satin and Lace Bathrobe,Mainstays Satin Bathrobe,Brobe,$40 ,3
rscampm5@nsu.edu,885,Bath Robes,Satin and Lace Bathrobe,Mainstays Satin Bathrobe,Brobe,$40 ,2
onewlindl@nsu.edu,909,Bath Robes,Waffled Bathrobe,Mainstays Waffled Bathrobe,Brobe,$40 ,3
vcawr7@nsu.edu,915,Bath Robes,Waffled Bathrobe,Mainstays Waffled Bathrobe,Brobe,$40 ,5
fthunder1p@webs.com,1065,Bath Robes,Washed Linen Bathrobe,Mainstays Linen Bathrobe,Brobe,$40 ,3
eovenden5y@nsu.edu,1125,Bath Robes,Satin and Lace Bathrobe,Mainstays Satin Bathrobe,Brobe,$40 ,5
lthornberbk@nsu.edu,1146,Bath Robes,Waffled Bathrobe,Mainstays Waffled Bathrobe,Brobe,$40 ,1
clelievre1q@spiegel.de,1401,Bath Robes,Satin and Lace Bathrobe,Mainstays Satin Bathrobe,Brobe,$40 ,5
amaccathayam@nsu.edu,2565,Bath Robes,Washed Linen Bathrobe,Mainstays Linen Bathrobe,Linen Bathrobe,$40 ,2
dbarrowcloughlz@nsu.edu,2597,Bath Robes,Washed Linen Bathrobe,Mainstays Linen Bathrobe,Brobe,$40 ,5
dbrinkworth7i@nsu.edu,263,Beauty Products,Liquid Touch Concealer Brush,Rare Beauty Liquid Touch Brush,Makeup Brush,$15 ,1
dgoodenoughgs@nsu.edu,104,Beauty Products,Liquid Touch Concealer Brush,Rare Beauty Liquid Touch Brush,Makeup Brush,$15 ,2
cmabbsdt@nsu.edu,102,Beauty Products,Liquid Touch Concealer Brush,Rare Beauty Liquid Touch Brush,Makeup Brush,$15 ,5
dbraffington7n@nsu.edu,31,Beauty Products,Liquid Touch Concealer Brush,Rare Beauty Liquid Touch Brush,Makeup Brush,$15 ,4
tandino92@nsu.edu,154,Beauty Products,Retractable Rouge Gel Lip Liner,Sephora Rouge Gel Lip Liner,Lip Liner,$20 ,1
belfordb@yahoo.co.jp,589,Beauty Products,Liquid Touch Concealer Brush,Rare Beauty Liquid Touch Brush,Makeup Brush,$15 ,3
rvanderhoeven9h@nsu.edu,61,Beauty Products,Retractable Rouge Gel Lip Liner,Sephora Rouge Gel Lip Liner,Lip Liner,$20 ,1
ebromagei6@nsu.edu,44,Beauty Products,Retractable Rouge Gel Lip Liner,Sephora Rouge Gel Lip Liner,Lip Liner,$20 ,0
mtuxell5t@nsu.edu,229,Beauty Products,Liquid Touch Concealer Brush,Rare Beauty Liquid Touch Brush,Makeup Brush,$15 ,3
hreavellhk@nsu.edu,294,Beauty Products,Retractable Rouge Gel Lip Liner,Sephora Rouge Gel Lip Liner,Lip Liner,$20 ,4
tpollock7j@nsu.edu,113,Beauty Products,Retractable Rouge Gel Lip Liner,Sephora Rouge Gel Lip Liner,Lip Liner,$20 ,1
acazindy@nsu.edu,2,Beauty Products,Retractable Rouge Gel Lip Liner,Sephora Rouge Gel Lip Liner,Lip Liner,$20 ,0
hmccurts@vinaora.com,855,Beauty Products,Satin and Lace Bathrobe,Lotus SuperProtector Sunscreen,Sunscreen,$25 ,5
selliker1v@ibm.com,900,Beauty Products,Hollywood Flawless Filter,Loreal Foundation Supreme,Foundation,$20 ,0
ccolteneh@nsu.edu,1080,Beauty Products,Retractable Rouge Gel Lip Liner,Sephora Rouge Gel Lip Liner,Lip Liner,$20 ,1
oflahiveif@nsu.edu,1221,Beauty Products,Hollywood Flawless Filter,Loreal Foundation Supreme,Foundation,$20 ,1
hreavellhk@nsu.edu,1242,Beauty Products,Liquid Touch Concealer Brush,Rare Beauty Liquid Touch Brush,Makeup Brush,$15 ,5
bdenevehs@nsu.edu,1272,Beauty Products,Retractable Rouge Gel Lip Liner,Sephora Rouge Gel Lip Liner,Lip Liner,$20 ,3
jtestro45@nsu.edu,1332,Beauty Products,Retractable Rouge Gel Lip Liner,Sephora Rouge Gel Lip Liner,Lip Liner,$20 ,1
dbrinkworth7i@nsu.edu,1725,Beauty Products,Liquid Touch Concealer Brush,Rare Beauty Liquid Touch Brush,Makeup Brush,$15 ,1
dgoodenoughgs@nsu.edu,1833,Beauty Products,Liquid Touch Concealer Brush,Rare Beauty Liquid Touch Brush,Makeup Brush,$15 ,2
cmabbsdt@nsu.edu,1993,Beauty Products,Liquid Touch Concealer Brush,Rare Beauty Liquid Touch Brush,Makeup Brush,$15 ,5
dbraffington7n@nsu.edu,2005,Beauty Products,Liquid Touch Concealer Brush,Rare Beauty Liquid Touch Brush,Makeup Brush,$15 ,4
tandino92@nsu.edu,2049,Beauty Products,Retractable Rouge Gel Lip Liner,Sephora Rouge Gel Lip Liner,Lip Liner,$20 ,1
belfordb@yahoo.co.jp,2141,Beauty Products,Liquid Touch Concealer Brush,Rare Beauty Liquid Touch Brush,Makeup Brush,$15 ,3
rvanderhoeven9h@nsu.edu,2213,Beauty Products,Retractable Rouge Gel Lip Liner,Sephora Rouge Gel Lip Liner,Lip Liner,$20 ,1
ebromagei6@nsu.edu,2265,Beauty Products,Retractable Rouge Gel Lip Liner,Sephora Rouge Gel Lip Liner,Lip Liner,$20 ,5
mtuxell5t@nsu.edu,2269,Beauty Products,Liquid Touch Concealer Brush,Rare Beauty Liquid Touch Brush,Makeup Brush,$15 ,3
hreavellhk@nsu.edu,2313,Beauty Products,Retractable Rouge Gel Lip Liner,Sephora Rouge Gel Lip Liner,Lip Liner,$20 ,4
tpollock7j@nsu.edu,2401,Beauty Products,Retractable Rouge Gel Lip Liner,Sephora Rouge Gel Lip Liner,Lip Liner,$20 ,1
acazindy@nsu.edu,2417,Beauty Products,Retractable Rouge Gel Lip Liner,Sephora Rouge Gel Lip Liner,Lip Liner,$20 ,5
cosgar8u@nsu.edu,777,Beef & Lamb,Beef Ribeye Steak,Ribeye,Ready to Cook Ribeye,$35 ,4
cosgar8u@nsu.edu,2553,Beef & Lamb,Beef Ribeye Steak,Ribeye,Ready to Cook Ribeye,$35 ,4
nrideoutmi@nsu.edu,270,Bodysuits,Ribbed Turtleneck Bodysuit,Wilde Black Ribbed Long Sleeve Mock Neck Bodysuit,Turtleneck tee,$120 ,2
wlaurancegt@nsu.edu,225,Bodysuits,Ribbed Turtleneck Bodysuit,Wilde Black Ribbed Long Sleeve Mock Neck Bodysuit,Turtleneck tee,$120 ,1
amarkosn0@nsu.edu,35,Bodysuits,Ribbed Turtleneck Bodysuit,Wilde Black Ribbed Long Sleeve Mock Neck Bodysuit,Turtleneck tee,$120 ,4
tappleton2n@delicious.com,392,Bodysuits,Ribbed Turtleneck Bodysuit,Wilde Black Ribbed Long Sleeve Mock Neck Bodysuit,Turtleneck tee,$120 ,4
dbarrowcloughlz@nsu.edu,24,Bodysuits,Ribbed Turtleneck Bodysuit,Wilde Black Ribbed Long Sleeve Mock Neck Bodysuit,Turtleneck tee,$120 ,4
pslidders4f@nsu.edu,66,Bodysuits,Ribbed Turtleneck Bodysuit,Wilde Black Ribbed Long Sleeve Mock Neck Bodysuit,Turtleneck tee,$120 ,1
ttremollet2t@nsu.edu,221,Bodysuits,Ribbed Turtleneck Bodysuit,Wilde Black Ribbed Long Sleeve Mock Neck Bodysuit,Turtleneck tee,$120 ,3
dbrigstocko2@nsu.edu,353,Bodysuits,Ribbed Turtleneck Bodysuit,Wilde Black Ribbed Long Sleeve Mock Neck Bodysuit,Turtleneck tee,$120 ,0
mcrumlyfk@nsu.edu,395,Bodysuits,Ribbed Turtleneck Bodysuit,Wilde Black Ribbed Long Sleeve Mock Neck Bodysuit,Turtleneck tee,$120 ,5
jwooderson5q@nsu.edu,19,Bodysuits,Ribbed Turtleneck Bodysuit,Wilde Black Ribbed Long Sleeve Mock Neck Bodysuit,Turtleneck tee,$120 ,5
pstartehp@nsu.edu,271,Bodysuits,Ribbed Turtleneck Bodysuit,Wilde Black Ribbed Long Sleeve Mock Neck Bodysuit,Turtleneck tee,$120 ,2
nrideoutmi@nsu.edu,1605,Bodysuits,Ribbed Turtleneck Bodysuit,Wilde Black Ribbed Long Sleeve Mock Neck Bodysuit,Turtleneck tee,$120 ,2
wlaurancegt@nsu.edu,1621,Bodysuits,Ribbed Turtleneck Bodysuit,Wilde Black Ribbed Long Sleeve Mock Neck Bodysuit,Turtleneck tee,$120 ,1
amarkosn0@nsu.edu,1717,Bodysuits,Ribbed Turtleneck Bodysuit,Wilde Black Ribbed Long Sleeve Mock Neck Bodysuit,Turtleneck tee,$120 ,4
tappleton2n@delicious.com,1729,Bodysuits,Ribbed Turtleneck Bodysuit,Wilde Black Ribbed Long Sleeve Mock Neck Bodysuit,Turtleneck tee,$120 ,4
dbarrowcloughlz@nsu.edu,1737,Bodysuits,Ribbed Turtleneck Bodysuit,Wilde Black Ribbed Long Sleeve Mock Neck Bodysuit,Turtleneck tee,$120 ,4
pslidders4f@nsu.edu,1773,Bodysuits,Ribbed Turtleneck Bodysuit,Wilde Black Ribbed Long Sleeve Mock Neck Bodysuit,Turtleneck tee,$120 ,1
ttremollet2t@nsu.edu,1813,Bodysuits,Ribbed Turtleneck Bodysuit,Wilde Black Ribbed Long Sleeve Mock Neck Bodysuit,Turtleneck tee,$120 ,3
dbrigstocko2@nsu.edu,1921,Bodysuits,Ribbed Turtleneck Bodysuit,Wilde Black Ribbed Long Sleeve Mock Neck Bodysuit,Turtleneck tee,$120 ,2
mcrumlyfk@nsu.edu,1929,Bodysuits,Ribbed Turtleneck Bodysuit,Wilde Black Ribbed Long Sleeve Mock Neck Bodysuit,Turtleneck tee,$120 ,5
jwooderson5q@nsu.edu,2053,Bodysuits,Ribbed Turtleneck Bodysuit,Wilde Black Ribbed Long Sleeve Mock Neck Bodysuit,Turtleneck tee,$120 ,5
pstartehp@nsu.edu,2189,Bodysuits,Ribbed Turtleneck Bodysuit,Wilde Black Ribbed Long Sleeve Mock Neck Bodysuit,Turtleneck tee,$120 ,2
nrideoutmi@nsu.edu,315,Brushes & Applicators,Liquid Touch Concealer Brush,Rare Beauty Liquid Touch Brush,Makeup Brush,$15 ,4
cosgar8u@nsu.edu,185,Brushes & Applicators,Liquid Touch Concealer Brush,Rare Beauty Liquid Touch Brush,Makeup Brush,$15 ,3
akelby20@drupal.org,38,Brushes & Applicators,Liquid Touch Concealer Brush,Rare Beauty Liquid Touch Brush,Makeup Brush,$15 ,0
lbyrdgk@nsu.edu,79,Brushes & Applicators,Liquid Touch Concealer Brush,Rare Beauty Liquid Touch Brush,Makeup Brush,$15 ,0
srubinivitzlu@nsu.edu,51,Brushes & Applicators,Liquid Touch Concealer Brush,Rare Beauty Liquid Touch Brush,Makeup Brush,$15 ,2
ehaspineallfb@nsu.edu,269,Brushes & Applicators,Liquid Touch Concealer Brush,Rare Beauty Liquid Touch Brush,Makeup Brush,$15 ,0
rburtwistler8@nsu.edu,326,Brushes & Applicators,Liquid Touch Concealer Brush,Rare Beauty Liquid Touch Brush,Makeup Brush,$15 ,4
cgabeyeb@nsu.edu,156,Brushes & Applicators,Liquid Touch Concealer Brush,Rare Beauty Liquid Touch Brush,Makeup Brush,$15 ,2
qricardoufm@nsu.edu,242,Brushes & Applicators,Liquid Touch Concealer Brush,Rare Beauty Liquid Touch Brush,Makeup Brush,$15 ,5
ogajownikly@nsu.edu,284,Brushes & Applicators,Liquid Touch Concealer Brush,Rare Beauty Liquid Touch Brush,Makeup Brush,$15 ,0
dparlettkw@nsu.edu,39,Brushes & Applicators,Liquid Touch Concealer Brush,Rare Beauty Liquid Touch Brush,Makeup Brush,$15 ,5
gmackall4z@nsu.edu,236,Brushes & Applicators,Liquid Touch Concealer Brush,Rare Beauty Liquid Touch Brush,Makeup Brush,$15 ,4
ccolteneh@nsu.edu,369,Brushes & Applicators,Liquid Touch Concealer Brush,Rare Beauty Liquid Touch Brush,Makeup Brush,$15 ,2
mromayniq@nsu.edu,200,Brushes & Applicators,Liquid Touch Concealer Brush,Rare Beauty Liquid Touch Brush,Makeup Brush,$15 ,1
jjewettjh@nsu.edu,246,Brushes & Applicators,Liquid Touch Concealer Brush,Rare Beauty Liquid Touch Brush,Makeup Brush,$15 ,1
abartoszek16@reuters.com,352,Brushes & Applicators,Liquid Touch Concealer Brush,Rare Beauty Liquid Touch Brush,Makeup Brush,$15 ,4
cdiffley5w@nsu.edu,167,Brushes & Applicators,Liquid Touch Concealer Brush,Rare Beauty Liquid Touch Brush,Makeup Brush,$15 ,3
naspcu@nsu.edu,282,Brushes & Applicators,Liquid Touch Concealer Brush,Rare Beauty Liquid Touch Brush,Makeup Brush,$15 ,0
mbernasekrm@nsu.edu,5,Brushes & Applicators,Liquid Touch Concealer Brush,Rare Beauty Liquid Touch Brush,Makeup Brush,$15 ,2
cpaulone4@nsu.edu,981,Brushes & Applicators,Liquid Touch Concealer Brush,Rare Beauty Liquid Touch Brush,Makeup Brush,$15 ,5
cmabbsdt@nsu.edu,1002,Brushes & Applicators,Liquid Touch Concealer Brush,Rare Beauty Liquid Touch Brush,Makeup Brush,$15 ,0
ogajownikly@nsu.edu,1026,Brushes & Applicators,Liquid Touch Concealer Brush,Rare Beauty Liquid Touch Brush,Makeup Brush,$15 ,3
mromayniq@nsu.edu,1137,Brushes & Applicators,Liquid Touch Concealer Brush,Rare Beauty Liquid Touch Brush,Makeup Brush,$15 ,2
abartoszek16@reuters.com,1173,Brushes & Applicators,Liquid Touch Concealer Brush,Rare Beauty Liquid Touch Brush,Makeup Brush,$15 ,5
eparmanpy@nsu.edu,1266,Brushes & Applicators,Liquid Touch Concealer Brush,Rare Beauty Liquid Touch Brush,Makeup Brush,$15 ,2
predittjv@nsu.edu,1383,Brushes & Applicators,Liquid Touch Concealer Brush,Rare Beauty Liquid Touch Brush,Makeup Brush,$15 ,2
rpointn@globo.com,1389,Brushes & Applicators,Liquid Touch Concealer Brush,Rare Beauty Liquid Touch Brush,Makeup Brush,$15 ,3
nrideoutmi@nsu.edu,1601,Brushes & Applicators,Liquid Touch Concealer Brush,Rare Beauty Liquid Touch Brush,Makeup Brush,$15 ,4
cosgar8u@nsu.edu,1693,Brushes & Applicators,Liquid Touch Concealer Brush,Rare Beauty Liquid Touch Brush,Makeup Brush,$15 ,3
akelby20@drupal.org,1753,Brushes & Applicators,Liquid Touch Concealer Brush,Rare Beauty Liquid Touch Brush,Makeup Brush,$15 ,1
lbyrdgk@nsu.edu,1757,Brushes & Applicators,Liquid Touch Concealer Brush,Rare Beauty Liquid Touch Brush,Makeup Brush,$15 ,4
srubinivitzlu@nsu.edu,1817,Brushes & Applicators,Liquid Touch Concealer Brush,Rare Beauty Liquid Touch Brush,Makeup Brush,$15 ,2
ehaspineallfb@nsu.edu,1865,Brushes & Applicators,Liquid Touch Concealer Brush,Rare Beauty Liquid Touch Brush,Makeup Brush,$15 ,5
rburtwistler8@nsu.edu,1989,Brushes & Applicators,Liquid Touch Concealer Brush,Rare Beauty Liquid Touch Brush,Makeup Brush,$15 ,4
cgabeyeb@nsu.edu,2009,Brushes & Applicators,Liquid Touch Concealer Brush,Rare Beauty Liquid Touch Brush,Makeup Brush,$15 ,2
qricardoufm@nsu.edu,2021,Brushes & Applicators,Liquid Touch Concealer Brush,Rare Beauty Liquid Touch Brush,Makeup Brush,$15 ,5
ogajownikly@nsu.edu,2025,Brushes & Applicators,Liquid Touch Concealer Brush,Rare Beauty Liquid Touch Brush,Makeup Brush,$15 ,3
dparlettkw@nsu.edu,2041,Brushes & Applicators,Liquid Touch Concealer Brush,Rare Beauty Liquid Touch Brush,Makeup Brush,$15 ,5
gmackall4z@nsu.edu,2073,Brushes & Applicators,Liquid Touch Concealer Brush,Rare Beauty Liquid Touch Brush,Makeup Brush,$15 ,4
ccolteneh@nsu.edu,2097,Brushes & Applicators,Liquid Touch Concealer Brush,Rare Beauty Liquid Touch Brush,Makeup Brush,$15 ,2
mromayniq@nsu.edu,2173,Brushes & Applicators,Liquid Touch Concealer Brush,Rare Beauty Liquid Touch Brush,Makeup Brush,$15 ,1
jjewettjh@nsu.edu,2209,Brushes & Applicators,Liquid Touch Concealer Brush,Rare Beauty Liquid Touch Brush,Makeup Brush,$15 ,1
abartoszek16@reuters.com,2221,Brushes & Applicators,Liquid Touch Concealer Brush,Rare Beauty Liquid Touch Brush,Makeup Brush,$15 ,4
cdiffley5w@nsu.edu,2245,Brushes & Applicators,Liquid Touch Concealer Brush,Rare Beauty Liquid Touch Brush,Makeup Brush,$15 ,3
naspcu@nsu.edu,2253,Brushes & Applicators,Liquid Touch Concealer Brush,Rare Beauty Liquid Touch Brush,Makeup Brush,$15 ,3
mbernasekrm@nsu.edu,2409,Brushes & Applicators,Liquid Touch Concealer Brush,Rare Beauty Liquid Touch Brush,Makeup Brush,$15 ,2
wlaurancegt@nsu.edu,723,Cat Dry Food,Meow Mix Original Choice Dry Cat Food,MM OC Dry Cat Food,Healthy and Yummy,$50 ,4
wlaurancegt@nsu.edu,2481,Cat Dry Food,Meow Mix Original Choice Dry Cat Food,MM OC Dry Cat Food,Healthy and Yummy,$50 ,4
wlaurancegt@nsu.edu,124,Cell Phones,iPhone,13 Pro Max,New iPhone Model,"$1,100 ",5
gdowtry4j@nsu.edu,292,Cell Phones,iPhone,13 Pro Max,New iPhone Model,"$1,100 ",5
bstrangeri3@nsu.edu,4,Cell Phones,iPhone,13 Pro Max,New iPhone Model,"$1,100 ",5
gcordall73@nsu.edu,89,Cell Phones,Samsung Galaxy,S22,Powerful Android,$850 ,3
nheckjx@nsu.edu,46,Cell Phones,Samsung Galaxy,S22,Powerful Android,$850 ,1
zcowl7l@nsu.edu,174,Cell Phones,Samsung Galaxy,S22,Powerful Android,$850 ,2
avenablesi@salon.com,187,Cell Phones,Samsung Galaxy,S22,Powerful Android,$850 ,2
atorrejon3c@nsu.edu,52,Cell Phones,Samsung Galaxy,S22,Powerful Android,$850 ,0
tkorting48@nsu.edu,323,Cell Phones,Samsung Galaxy,S22,Powerful Android,$850 ,5
glibbie7q@nsu.edu,297,Cell Phones,Samsung Galaxy,S22,Powerful Android,$850 ,4
jcarvil9@economist.com,396,Cell Phones,Samsung Galaxy,S22,Powerful Android,$850 ,1
lstuddeard7r@nsu.edu,384,Cell Phones,iPhone,13 Pro Max,New iPhone Model,"$1,100 ",1
gmackall4z@nsu.edu,83,Cell Phones,Samsung Galaxy,S22,Powerful Android,$850 ,5
ituppm2@nsu.edu,175,Cell Phones,iPhone,13 Pro Max,New iPhone Model,"$1,100 ",1
whasnney2b@biblegateway.com,111,Cell Phones,iPhone,13 Pro Max,New iPhone Model,"$1,100 ",3
mromayniq@nsu.edu,261,Cell Phones,iPhone,13 Pro Max,New iPhone Model,"$1,100 ",3
adebellis2@mit.edu,59,Cell Phones,Samsung Galaxy,S22,Powerful Android,$850 ,1
rbuchankl@nsu.edu,249,Cell Phones,iPhone,13 Pro Max,New iPhone Model,"$1,100 ",2
hjehaes86@nsu.edu,209,Cell Phones,iPhone,13 Pro Max,New iPhone Model,"$1,100 ",3
jkruszelnickik3@nsu.edu,312,Cell Phones,Samsung Galaxy,S22,Powerful Android,$850 ,4
oflahiveif@nsu.edu,245,Cell Phones,iPhone,13 Pro Max,New iPhone Model,"$1,100 ",5
cdutnallr1@nsu.edu,53,Cell Phones,iPhone,13 Pro Max,New iPhone Model,"$1,100 ",1
bdenevehs@nsu.edu,381,Cell Phones,Samsung Galaxy,S22,Powerful Android,$850 ,4
cceaser3h@nsu.edu,276,Cell Phones,iPhone,13 Pro Max,New iPhone Model,"$1,100 ",2
tgettonei8@nsu.edu,9,Cell Phones,Samsung Galaxy,S22,Powerful Android,$850 ,1
jtestro45@nsu.edu,183,Cell Phones,iPhone,13 Pro Max,New iPhone Model,"$1,100 ",1
wlaurancegt@nsu.edu,1617,Cell Phones,iPhone,13 Pro Max,New iPhone Model,"$1,100 ",5
gdowtry4j@nsu.edu,1661,Cell Phones,iPhone,13 Pro Max,New iPhone Model,"$1,100 ",5
bstrangeri3@nsu.edu,1709,Cell Phones,iPhone,13 Pro Max,New iPhone Model,"$1,100 ",5
gcordall73@nsu.edu,1733,Cell Phones,Samsung Galaxy,S23,Powerful Android,$850 ,3
nheckjx@nsu.edu,1741,Cell Phones,Samsung Galaxy,S23,Powerful Android,$850 ,1
zcowl7l@nsu.edu,1765,Cell Phones,Samsung Galaxy,S23,Powerful Android,$850 ,2
avenablesi@salon.com,1781,Cell Phones,Samsung Galaxy,S23,Powerful Android,$850 ,2
atorrejon3c@nsu.edu,1793,Cell Phones,Samsung Galaxy,S23,Powerful Android,$850 ,1
tkorting48@nsu.edu,1845,Cell Phones,Samsung Galaxy,S23,Powerful Android,$850 ,5
glibbie7q@nsu.edu,1889,Cell Phones,Samsung Galaxy,S23,Powerful Android,$850 ,4
jcarvil9@economist.com,1937,Cell Phones,Samsung Galaxy,S23,Powerful Android,$850 ,1
lstuddeard7r@nsu.edu,1985,Cell Phones,iPhone,13 Pro Max,New iPhone Model,"$1,100 ",1
gmackall4z@nsu.edu,2069,Cell Phones,Samsung Galaxy,S23,Powerful Android,$850 ,5
ituppm2@nsu.edu,2125,Cell Phones,iPhone,13 Pro Max,New iPhone Model,"$1,100 ",1
whasnney2b@biblegateway.com,2161,Cell Phones,iPhone,13 Pro Max,New iPhone Model,"$1,100 ",3
mromayniq@nsu.edu,2169,Cell Phones,iPhone,13 Pro Max,New iPhone Model,"$1,100 ",3
adebellis2@mit.edu,2233,Cell Phones,Samsung Galaxy,S23,Powerful Android,$850 ,1
rbuchankl@nsu.edu,2237,Cell Phones,iPhone,13 Pro Max,New iPhone Model,"$1,100 ",2
hjehaes86@nsu.edu,2277,Cell Phones,iPhone,13 Pro Max,New iPhone Model,"$1,100 ",3
jkruszelnickik3@nsu.edu,2281,Cell Phones,Samsung Galaxy,S23,Powerful Android,$850 ,4
oflahiveif@nsu.edu,2289,Cell Phones,iPhone,13 Pro Max,New iPhone Model,"$1,100 ",5
cdutnallr1@nsu.edu,2305,Cell Phones,iPhone,13 Pro Max,New iPhone Model,"$1,100 ",1
bdenevehs@nsu.edu,2353,Cell Phones,Samsung Galaxy,S22,Powerful Android,$850 ,4
cceaser3h@nsu.edu,2361,Cell Phones,iPhone,13 Pro Max,New iPhone Model,"$1,100 ",2
tgettonei8@nsu.edu,2381,Cell Phones,Samsung Galaxy,S23,Powerful Android,$850 ,1
jtestro45@nsu.edu,2433,Cell Phones,iPhone,13 Pro Max,New iPhone Model,"$1,100 ",1
wlaurancegt@nsu.edu,91,Clothing,Ribbed Turtleneck Bodysuit,Wilde Black Ribbed Long Sleeve Mock Neck Bodysuit,Turtleneck tee,$120 ,4
ghalvorsen95@nsu.edu,106,Clothing,short skirts,Selby Mini Skirt,short skirts - Classic,$90 ,0
predittjv@nsu.edu,251,Clothing,short skirts,Selby Mini Skirt,short skirts - Classic,$90 ,0
wspadelli8j@nsu.edu,355,Clothing,short skirts,Selby Mini Skirt,short skirts - Classic,$90 ,4
bdeavenell7o@nsu.edu,399,Clothing,short skirts,Selby Mini Skirt,short skirts - Classic,$90 ,0
bbartkowiak6t@nsu.edu,33,Clothing,short skirts,Selby Mini Skirt,short skirts - Classic,$90 ,5
bspottiswoodhm@nsu.edu,300,Clothing,short skirts,Selby Mini Skirt,short skirts - Classic,$90 ,5
gmosconegr@nsu.edu,358,Clothing,short skirts,Selby Mini Skirt,short skirts - Classic,$90 ,0
asimonsen7z@nsu.edu,394,Clothing,short skirts,Selby Mini Skirt,short skirts - Classic,$90 ,1
lsekulla8w@nsu.edu,95,Clothing,short skirts,Selby Mini Skirt,short skirts - Classic,$90 ,1
ihannondki@nsu.edu,288,Clothing,Ribbed Turtleneck Bodysuit,Wilde Black Ribbed Long Sleeve Mock Neck Bodysuit,Turtleneck tee,$120 ,4
rscampm5@nsu.edu,157,Clothing,Oversized T-shirt,Skeleton Hand Print Oversized tee,Attractive tee,$110 ,4
selliker1v@ibm.com,188,Clothing,short skirts,Selby Mini Skirt,short skirts - Classic,$90 ,0
jboultwoodre@nsu.edu,198,Clothing,short skirts,Selby Mini Skirt,short skirts - Classic,$90 ,5
pkirklandrq@nsu.edu,214,Clothing,short skirts,Selby Mini Skirt,short skirts - Classic,$90 ,5
rkorneichikbg@nsu.edu,340,Clothing,short skirts,Selby Mini Skirt,short skirts - Classic,$90 ,4
kperle7k@nsu.edu,256,Clothing,short skirts,Selby Mini Skirt,short skirts - Classic,$90 ,5
cpaulone4@nsu.edu,343,Clothing,short skirts,Selby Mini Skirt,short skirts - Classic,$90 ,4
feeles4r@nsu.edu,10,Clothing,short skirts,Selby Mini Skirt,short skirts - Classic,$90 ,0
bmalbonee@nsu.edu,339,Clothing,short skirts,Selby Mini Skirt,short skirts - Classic,$90 ,5
jgarrood8v@nsu.edu,265,Clothing,short skirts,Selby Mini Skirt,short skirts - Classic,$90 ,4
gescalanteg4@nsu.edu,186,Clothing,Ribbed Turtleneck Bodysuit,Wilde Black Ribbed Long Sleeve Mock Neck Bodysuit,Turtleneck tee,$120 ,3
vrissonh@nsu.edu,259,Clothing,short skirts,Selby Mini Skirt,short skirts - Classic,$90 ,4
ebullardig@nsu.edu,291,Clothing,short skirts,Selby Mini Skirt,short skirts - Classic,$90 ,3
dgurge15@jimdo.com,126,Clothing,Oversized T-shirt,Skeleton Hand Print Oversized tee,Attractive tee,$110 ,1
pboundey37@nsu.edu,115,Clothing,short skirts,Selby Mini Skirt,short skirts - Classic,$90 ,5
gpendry79@nsu.edu,169,Clothing,short skirts,Selby Mini Skirt,short skirts - Classic,$90 ,5
tlinebargerh@flickr.com,15,Clothing,Ribbed Turtleneck Bodysuit,Wilde Black Ribbed Long Sleeve Mock Neck Bodysuit,Turtleneck tee,$120 ,0
gcordall73@nsu.edu,807,Clothing,leather,Ankle-length Leather Pants,Leather pants,$30 ,4
lbyrdgk@nsu.edu,825,Clothing,leather,Ankle-length Leather Pants,Leather pants,$30 ,3
ttremollet2t@nsu.edu,867,Clothing,Satin and Lace Bathrobe,Mainstays Satin Bathrobe,Brobe,$40 ,1
tkorting48@nsu.edu,891,Clothing,Waffled Bathrobe,Mainstays Waffled Bathrobe,Brobe,$40 ,0
jcarvil9@economist.com,960,Clothing,Long-sleeved Jersey Top,H&M Jersey Top,Cute Jersey Top,$30 ,2
dparlettkw@nsu.edu,1038,Clothing,leather,Ankle-length Leather Pants,Leather pants,$30 ,4
tandino92@nsu.edu,1044,Clothing,leather,Ankle-length Leather Pants,Leather pants,$30 ,1
jwooderson5q@nsu.edu,1047,Clothing,leather,Ankle-length Leather Pants,Leather pants,$30 ,1
fstodartdu@nsu.edu,1053,Clothing,leather,Ankle-length Leather Pants,Leather pants,$30 ,5
gescalanteg4@nsu.edu,1056,Clothing,Waffled Bathrobe,Mainstays Waffled Bathrobe,Brobe,$40 ,2
oflahiveif@nsu.edu,1227,Clothing,skinny,Skinny High Jeans,Men's Jeans,$30 ,4
cdullardbp@nsu.edu,1254,Clothing,skinny,Skinny High Jeans,Men's Jeans,$30 ,4
tlinebargerh@flickr.com,1329,Clothing,skinny,Skinny High Jeans,Men's Jeans,$30 ,2
wfranzenct@nsu.edu,1338,Clothing,skinny,Skinny High Jeans,Men's Jeans,$30 ,2
rdichee@adobe.com,1371,Clothing,skinny,Skinny High Jeans,Men's Jeans,$30 ,2
dnaughton9f@nsu.edu,1386,Clothing,skinny,Skinny High Jeans,Men's Jeans,$30 ,1
wlaurancegt@nsu.edu,1613,Clothing,Ribbed Turtleneck Bodysuit,Wilde Black Ribbed Long Sleeve Mock Neck Bodysuit,Turtleneck tee,$120 ,4
ghalvorsen95@nsu.edu,1633,Clothing,short skirts,Selby Mini Skirt,short skirts - Classic,$90 ,1
predittjv@nsu.edu,1641,Clothing,short skirts,Selby Mini Skirt,short skirts - Classic,$90 ,2
wspadelli8j@nsu.edu,1657,Clothing,short skirts,Selby Mini Skirt,short skirts - Classic,$90 ,4
bdeavenell7o@nsu.edu,1701,Clothing,short skirts,Selby Mini Skirt,short skirts - Classic,$90 ,1
bbartkowiak6t@nsu.edu,1713,Clothing,short skirts,Selby Mini Skirt,short skirts - Classic,$90 ,5
bspottiswoodhm@nsu.edu,1745,Clothing,short skirts,Selby Mini Skirt,short skirts - Classic,$90 ,5
gmosconegr@nsu.edu,1749,Clothing,short skirts,Selby Mini Skirt,short skirts - Classic,$90 ,1
asimonsen7z@nsu.edu,1769,Clothing,short skirts,Selby Mini Skirt,short skirts - Classic,$90 ,1
lsekulla8w@nsu.edu,1789,Clothing,short skirts,Selby Mini Skirt,short skirts - Classic,$90 ,1
ihannondki@nsu.edu,1825,Clothing,Ribbed Turtleneck Bodysuit,Wilde Black Ribbed Long Sleeve Mock Neck Bodysuit,Turtleneck tee,$120 ,4
rscampm5@nsu.edu,1837,Clothing,Oversized T-shirt,Skeleton Hand Print Oversized tee,Attractive tee,$110 ,4
selliker1v@ibm.com,1857,Clothing,short skirts,Selby Mini Skirt,short skirts - Classic,$90 ,3
jboultwoodre@nsu.edu,1941,Clothing,short skirts,Selby Mini Skirt,short skirts - Classic,$90 ,5
pkirklandrq@nsu.edu,1949,Clothing,short skirts,Selby Mini Skirt,short skirts - Classic,$90 ,5
rkorneichikbg@nsu.edu,1953,Clothing,short skirts,Selby Mini Skirt,short skirts - Classic,$90 ,4
kperle7k@nsu.edu,1961,Clothing,short skirts,Selby Mini Skirt,short skirts - Classic,$90 ,5
cpaulone4@nsu.edu,1965,Clothing,short skirts,Selby Mini Skirt,short skirts - Classic,$90 ,4
feeles4r@nsu.edu,1977,Clothing,short skirts,Selby Mini Skirt,short skirts - Classic,$90 ,2
bmalbonee@nsu.edu,2001,Clothing,short skirts,Selby Mini Skirt,short skirts - Classic,$90 ,5
jgarrood8v@nsu.edu,2057,Clothing,short skirts,Selby Mini Skirt,short skirts - Classic,$90 ,4
gescalanteg4@nsu.edu,2065,Clothing,Ribbed Turtleneck Bodysuit,Wilde Black Ribbed Long Sleeve Mock Neck Bodysuit,Turtleneck tee,$120 ,3
vrissonh@nsu.edu,2113,Clothing,short skirts,Selby Mini Skirt,short skirts - Classic,$90 ,4
ebullardig@nsu.edu,2133,Clothing,short skirts,Selby Mini Skirt,short skirts - Classic,$90 ,3
dgurge15@jimdo.com,2137,Clothing,Oversized T-shirt,Skeleton Hand Print Oversized tee,Attractive tee,$110 ,1
pboundey37@nsu.edu,2341,Clothing,short skirts,Selby Mini Skirt,short skirts - Classic,$90 ,5
gpendry79@nsu.edu,2385,Clothing,short skirts,Selby Mini Skirt,short skirts - Classic,$90 ,5
tlinebargerh@flickr.com,2425,Clothing,Ribbed Turtleneck Bodysuit,Wilde Black Ribbed Long Sleeve Mock Neck Bodysuit,Turtleneck tee,$120 ,1
gcordall73@nsu.edu,2593,Clothing,leather,Ankle-length Leather Pants,Leather pants,$30 ,4
gdowtry4j@nsu.edu,753,Cookies & Brownies,Marketside Bite Sized White Chocolate Macadamia Nut Cookies,Mac Nut Cookies,Delish Cookies,$5 ,4
gdowtry4j@nsu.edu,2521,Cookies & Brownies,Marketside Bite Sized White Chocolate Macadamia Nut Cookies,Mac Nut Cookies,Delish Cookies,$5 ,4
ndutchburnel@nsu.edu,317,Cooking Accessories,Double boiler insert,Double boiler insert_for_all,Boiler,$35 ,5
wspadelli8j@nsu.edu,29,Cooking Accessories,Mixing bowl,Mr.Mixing bowl,Bowl,$50 ,3
jspraggon8f@nsu.edu,76,Cooking Accessories,Double boiler insert,Double boiler insert_for_all,Boiler,$35 ,4
spinwillhg@nsu.edu,45,Cooking Accessories,Double boiler insert,Double boiler insert_for_all,Boiler,$35 ,1
ofumagalliqv@nsu.edu,193,Cooking Accessories,Double boiler insert,Double boiler insert_for_all,Boiler,$35 ,2
wsemechikci@nsu.edu,112,Cooking Accessories,Double boiler insert,Double boiler insert_for_all,Boiler,$35 ,2
rstanwixm3@nsu.edu,145,Cooking Accessories,Double boiler insert,Double boiler insert_for_all,Boiler,$35 ,0
rgoulbornegn@nsu.edu,499,Cooking Accessories,Double boiler insert,Double boiler insert_for_all,Boiler,$35 ,4
fthunder1p@webs.com,119,Cooking Accessories,Double boiler insert,Double boiler insert_for_all,Boiler,$35 ,5
itompkinson28@pcworld.com,373,Cooking Accessories,Double boiler insert,Double boiler insert_for_all,Boiler,$35 ,1
dairthno@nsu.edu,319,Cooking Accessories,Double boiler insert,Double boiler insert_for_all,Boiler,$35 ,0
hbintonme@nsu.edu,136,Cooking Accessories,Double boiler insert,Double boiler insert_for_all,Boiler,$35 ,0
ndutchburnel@nsu.edu,1609,Cooking Accessories,Double boiler insert,Double boiler insert_for_all,Boiler,$35 ,5
wspadelli8j@nsu.edu,1653,Cooking Accessories,Mixing bowl,Mr.Mixing bowl,Bowl,$50 ,3
jspraggon8f@nsu.edu,1669,Cooking Accessories,Double boiler insert,Double boiler insert_for_all,Boiler,$35 ,4
spinwillhg@nsu.edu,1677,Cooking Accessories,Double boiler insert,Double boiler insert_for_all,Boiler,$35 ,1
ofumagalliqv@nsu.edu,1805,Cooking Accessories,Double boiler insert,Double boiler insert_for_all,Boiler,$35 ,2
wsemechikci@nsu.edu,1809,Cooking Accessories,Double boiler insert,Double boiler insert_for_all,Boiler,$35 ,2
rstanwixm3@nsu.edu,1861,Cooking Accessories,Double boiler insert,Double boiler insert_for_all,Boiler,$35 ,3
rgoulbornegn@nsu.edu,1909,Cooking Accessories,Double boiler insert,Double boiler insert_for_all,Boiler,$35 ,4
fthunder1p@webs.com,2077,Cooking Accessories,Double boiler insert,Double boiler insert_for_all,Boiler,$35 ,5
itompkinson28@pcworld.com,2105,Cooking Accessories,Double boiler insert,Double boiler insert_for_all,Boiler,$35 ,1
dairthno@nsu.edu,2257,Cooking Accessories,Double boiler insert,Double boiler insert_for_all,Boiler,$35 ,3
hbintonme@nsu.edu,2413,Cooking Accessories,Double boiler insert,Double boiler insert_for_all,Boiler,$35 ,3
ghalvorsen95@nsu.edu,732,Dog Wet Food,Blue Buffalo Tastefuls Salmon Pate Wet Cat Food for Adult Cats,BB TSP Wet Cat Food,Healthy and Yummy,$59 ,3
ghalvorsen95@nsu.edu,2493,Dog Wet Food,Blue Buffalo Tastefuls Salmon Pate Wet Cat Food for Adult Cats,BB TSP Wet Cat Food,Healthy and Yummy,$59 ,3
wspadelli8j@nsu.edu,750,Electric,GlareWheel EB-NTEC1 Green Commuting Electric Bike/Scooter,GW Electric Scooter,Economical ,$99 ,3
wspadelli8j@nsu.edu,2517,Electric,GlareWheel EB-NTEC1 Green Commuting Electric Bike/Scooter,GW Electric Scooter,Economical ,$99 ,3
vcawr7@nsu.edu,161,Electrical Supplies,iPhone,13 Pro Max,New iPhone Model,"$1,100 ",1
ccaldeiropf@nsu.edu,244,Electrical Supplies,iPhone,13 Pro Max,New iPhone Model,"$1,100 ",0
dabelson7x@nsu.edu,363,Electrical Supplies,Samsung Galaxy,S22,Powerful Android,$850 ,5
eovenden5y@nsu.edu,378,Electrical Supplies,iPhone,13 Pro Max,New iPhone Model,"$1,100 ",0
amarkosn0@nsu.edu,795,Electrical Supplies,Apple Watch SE,AW SE,Smart Watch,$229 ,2
bspottiswoodhm@nsu.edu,816,Electrical Supplies,Apple Watch SE,AW SE,Smart Watch,$229 ,3
mlempertz10@yandex.ru,828,Electrical Supplies,Apple Watch SE,AW SE,Smart Watch,$229 ,1
avenablesi@salon.com,843,Electrical Supplies,Apple Watch SE,AW SE,Smart Watch,$229 ,4
wsemechikci@nsu.edu,864,Electrical Supplies,Apple Watch SE,AW SE,Smart Watch,$229 ,5
dgoodenoughgs@nsu.edu,882,Electrical Supplies,Apple Watch SE,AW SE,Smart Watch,$229 ,1
kkiesselhe@nsu.edu,888,Electrical Supplies,Apple Watch Series 6,AW S6,Smart Watch,$289 ,5
rstanwixm3@nsu.edu,903,Electrical Supplies,Apple Watch Series 6,AW S6,Smart Watch,$289 ,0
ehaspineallfb@nsu.edu,906,Electrical Supplies,Apple Watch Series 6,AW S6,Smart Watch,$289 ,3
glibbie7q@nsu.edu,918,Electrical Supplies,Apple Watch Series 6,AW S6,Smart Watch,$289 ,2
emillhill6q@nsu.edu,927,Electrical Supplies,Apple Watch Series 6,AW S6,Smart Watch,$289 ,1
mfairhamf0@nsu.edu,933,Electrical Supplies,Apple Watch Series 7,AW S7,Smart Watch,$420 ,2
jcory4w@nsu.edu,966,Electrical Supplies,Apple Watch Series 7,AW S7,Smart Watch,$420 ,2
feeles4r@nsu.edu,990,Electrical Supplies,Apple Watch Series 7,AW S7,Smart Watch,$420 ,4
lstuddeard7r@nsu.edu,996,Electrical Supplies,AirPods,AirPods pro,Wireless earphones,$199 ,5
rburtwistler8@nsu.edu,999,Electrical Supplies,AirPods,AirPods pro,Wireless earphones,$199 ,0
bmalbonee@nsu.edu,1008,Electrical Supplies,AirPods,AirPods pro,Wireless earphones,$199 ,0
ccaldeiropf@nsu.edu,1032,Electrical Supplies,AirPods,AirPods pro,Wireless earphones,$199 ,2
kmusslewhitedp@nsu.edu,1035,Electrical Supplies,AirPods,AirPods max,Wireless earphones,$250 ,1
edionisiih1@nsu.edu,1071,Electrical Supplies,AirPods,AirPods max,Wireless earphones,$250 ,4
vconquest69@nsu.edu,1104,Electrical Supplies,AirPods,AirPods max,Wireless earphones,$250 ,4
ebullardig@nsu.edu,1107,Electrical Supplies,AirPods,AirPods max,Wireless earphones,$250 ,5
whasnney2b@biblegateway.com,1128,Electrical Supplies,AirPods,AirPods max,Wireless earphones,$250 ,1
mromayniq@nsu.edu,1134,Electrical Supplies,"Samsung - 75"" Class 8000 Series LED 4K UHD Smart Tizen TV",Samsung Tizen,Smart TV,$750 ,1
pstartehp@nsu.edu,1149,Electrical Supplies,"Samsung - 75"" Class 8000 Series LED 4K UHD Smart Tizen TV",Samsung Tizen,Smart TV,$750 ,2
tizzatt4e@nsu.edu,1170,Electrical Supplies,"Samsung - 75"" Class 8000 Series LED 4K UHD Smart Tizen TV",Samsung Tizen,Smart TV,$750 ,1
ctelezhking7@nsu.edu,1176,Electrical Supplies,"Samsung - 75"" Class 8000 Series LED 4K UHD Smart Tizen TV",Samsung Tizen,Smart TV,$750 ,2
dairthno@nsu.edu,1200,Electrical Supplies,"Samsung - 75"" Class 8000 Series LED 4K UHD Smart Tizen TV",Samsung Tizen,Smart TV,$750 ,2
jthwaite4l@nsu.edu,1203,Electrical Supplies,"Samsung - 75"" Class 8000 Series LED 4K UHD Smart Tizen TV",Samsung Tizen,Smart TV,$750 ,1
ebromagei6@nsu.edu,1206,Electrical Supplies,"Samsung - 75"" Class 8000 Series LED 4K UHD Smart Tizen TV",Samsung Tizen,Smart TV,$750 ,3
mtuxell5t@nsu.edu,1209,Electrical Supplies,"Samsung - 75"" Class 8000 Series LED 4K UHD Smart Tizen TV",Samsung Tizen,Smart TV,$750 ,1
ikneesha3v@nsu.edu,1233,Electrical Supplies,"Samsung - 75"" Class 8000 Series LED 4K UHD Smart Tizen TV",Samsung Tizen,Smart TV,$750 ,2
cfridpm@nsu.edu,1257,Electrical Supplies,"Samsung - 75"" Class 8000 Series LED 4K UHD Smart Tizen TV",Samsung Tizen,Smart TV,$750 ,1
mamymo@nsu.edu,1260,Electrical Supplies,"Samsung - 75"" Class 8000 Series LED 4K UHD Smart Tizen TV",Samsung Tizen,Smart TV,$750 ,1
pboundey37@nsu.edu,1263,Electrical Supplies,"Samsung - 75"" Class 8000 Series LED 4K UHD Smart Tizen TV",Samsung Tizen,Smart TV,$750 ,1
pclampettfg@nsu.edu,1269,Electrical Supplies,"Insignia? - 65"" Class F30 Series LED 4K UHD Smart Fire TV",Insignia Fire,Smart TV,$550 ,1
gearngycp@nsu.edu,1290,Electrical Supplies,"Insignia? - 65"" Class F30 Series LED 4K UHD Smart Fire TV",Insignia Fire,Smart TV,$550 ,2
tgettonei8@nsu.edu,1293,Electrical Supplies,"Insignia? - 65"" Class F30 Series LED 4K UHD Smart Fire TV",Insignia Fire,Smart TV,$550 ,2
gpendry79@nsu.edu,1296,Electrical Supplies,"Insignia? - 65"" Class F30 Series LED 4K UHD Smart Fire TV",Insignia Fire,Smart TV,$550 ,2
kwilcockesfx@nsu.edu,1299,Electrical Supplies,"Insignia? - 65"" Class F30 Series LED 4K UHD Smart Fire TV",Insignia Fire,Smart TV,$550 ,2
kwilcockesfx@nsu.edu,1302,Electrical Supplies,"Insignia? - 65"" Class F30 Series LED 4K UHD Smart Fire TV",Insignia Fire,Smart TV,$550 ,3
slittledike1a@dyndns.org,1305,Electrical Supplies,"Insignia? - 65"" Class F30 Series LED 4K UHD Smart Fire TV",Insignia Fire,Smart TV,$550 ,3
rdellenbroker6c@nsu.edu,1311,Electrical Supplies,"Insignia? - 65"" Class F30 Series LED 4K UHD Smart Fire TV",Insignia Fire,Smart TV,$550 ,3
ltortispi@nsu.edu,1335,Electrical Supplies,"Insignia? - 65"" Class F30 Series LED 4K UHD Smart Fire TV",Insignia Fire,Smart TV,$550 ,1
ecortingq@nsu.edu,1347,Electrical Supplies,"Insignia? - 65"" Class F30 Series LED 4K UHD Smart Fire TV",Insignia Fire,Smart TV,$550 ,1
ecortingq@nsu.edu,1350,Electrical Supplies,"Insignia? - 65"" Class F30 Series LED 4K UHD Smart Fire TV",Insignia Fire,Smart TV,$550 ,3
nrideoutmi@nsu.edu,1353,Electrical Supplies,"Insignia? - 65"" Class F30 Series LED 4K UHD Smart Fire TV",Insignia Fire,Smart TV,$550 ,2
wlaurancegt@nsu.edu,1368,Electrical Supplies,"LG - 55"" Class NanoCell 90 Series LED 4K UHD Smart webOS TV",LG Nanocell,Smart TV,$399 ,2
jspraggon8f@nsu.edu,1404,Electrical Supplies,"LG - 55"" Class NanoCell 90 Series LED 4K UHD Smart webOS TV",LG Nanocell,Smart TV,$399 ,2
jkasman1i@histats.com,1407,Electrical Supplies,"LG - 55"" Class NanoCell 90 Series LED 4K UHD Smart webOS TV",LG Nanocell,Smart TV,$399 ,1
vcawr7@nsu.edu,1877,Electrical Supplies,iPhone,13 Pro Max,New iPhone Model,"$1,100 ",1
ccaldeiropf@nsu.edu,2033,Electrical Supplies,iPhone,13 Pro Max,New iPhone Model,"$1,100 ",1
dabelson7x@nsu.edu,2117,Electrical Supplies,Samsung Galaxy,S23,Powerful Android,$850 ,5
eovenden5y@nsu.edu,2157,Electrical Supplies,iPhone,13 Pro Max,New iPhone Model,"$1,100 ",1
amarkosn0@nsu.edu,2577,Electrical Supplies,Apple Watch SE,AW SE,Smart Watch,$229 ,2
jkasman1i@histats.com,762,Exercise & Fitness,Costway Boxing Punching Bag w/Height Adjustable Stand Boxing Gloves,CB Punching Bag and Gloves,Game on!,$280 ,4
jkasman1i@histats.com,2533,Exercise & Fitness,Costway Boxing Punching Bag w/Height Adjustable Stand Boxing Gloves,CB Punching Bag and Gloves,Game on!,$280 ,4
bdeavenell7o@nsu.edu,783,Face,Unseen Sunscreen SPF 40 PA+++,Lotus SuperProtector Sunscreen,Sunscreen,$25 ,1
tappleton2n@delicious.com,804,Face,Unseen Sunscreen SPF 40 PA+++,Lotus SuperProtector Sunscreen,Sunscreen,$25 ,2
gmosconegr@nsu.edu,819,Face,Unseen Sunscreen SPF 40 PA+++,Lotus SuperProtector Sunscreen,Sunscreen,$25 ,3
pslidders4f@nsu.edu,837,Face,Satin and Lace Bathrobe,Lotus SuperProtector Sunscreen,Sunscreen,$25 ,4
atorrejon3c@nsu.edu,852,Face,Waffled Bathrobe,Lotus SuperProtector Sunscreen,Sunscreen,$25 ,5
ihannondki@nsu.edu,876,Face,Hollywood Flawless Filter,Loreal Foundation Supreme,Foundation,$20 ,3
rcayton5r@nsu.edu,897,Face,Hollywood Flawless Filter,Loreal Foundation Supreme,Foundation,$20 ,0
hleroy7s@nsu.edu,945,Face,Hollywood Flawless Filter,Loreal Foundation Supreme,Foundation,$20 ,2
dbrigstocko2@nsu.edu,948,Face,Hollywood Flawless Filter,Loreal Foundation Supreme,Foundation,$20 ,3
jcarvil9@economist.com,957,Face,Hollywood Flawless Filter,Loreal Foundation Supreme,Foundation,$20 ,4
rkorneichikbg@nsu.edu,972,Face,Hollywood Flawless Filter,Loreal Foundation Supreme,Foundation,$20 ,1
lcuffehv@nsu.edu,1089,Face,Hollywood Flawless Filter,Loreal Foundation Supreme,Foundation,$20 ,5
jberntjd@nsu.edu,1098,Face,Hollywood Flawless Filter,Loreal Foundation Supreme,Foundation,$20 ,5
abithellon@nsu.edu,1188,Face,Hollywood Flawless Filter,Loreal Foundation Supreme,Foundation,$20 ,4
cpennettalf@nsu.edu,1248,Face,Hollywood Flawless Filter,Loreal Foundation Supreme,Foundation,$20 ,1
zcornillibb@nsu.edu,1287,Face,Hollywood Flawless Filter,Loreal Foundation Supreme,Foundation,$20 ,2
tpollock7j@nsu.edu,1308,Face,Unseen Sunscreen SPF 40 PA+++,Lotus SuperProtector Sunscreen,Sunscreen,$25 ,4
bdeavenell7o@nsu.edu,2561,Face,Unseen Sunscreen SPF 40 PA+++,Lotus SuperProtector Sunscreen,Sunscreen,$25 ,1
tappleton2n@delicious.com,2589,Face,Unseen Sunscreen SPF 40 PA+++,Lotus SuperProtector Sunscreen,Sunscreen,$25 ,2
kfeeney30@nsu.edu,771,Grocery,Farmland Fully Cooked Diced Ham,Diced Ham,Fully Cooked Ham,$12 ,1
kfeeney30@nsu.edu,2545,Grocery,Farmland Fully Cooked Diced Ham,Diced Ham,Fully Cooked Ham,$12 ,1
nrideoutmi@nsu.edu,711,Health Care,Luden's Deliciously Soothing Throat Drops,Luden's Throat Drops,Soothing,$2 ,5
nrideoutmi@nsu.edu,2465,Health Care,Luden's Deliciously Soothing Throat Drops,Luden's Throat Drops,Soothing,$2 ,5
gnorecb@nsu.edu,936,High Cabinets,"High cabinet with shelves/2 doors, white/Hggeby white",Ikea WC - Haggeby White,Cabinets,$80 ,3
rgoulbornegn@nsu.edu,939,High Cabinets,"High cabinet with shelves/2 doors, white/Hggeby white",Ikea WC - Haggeby White,Cabinets,$80 ,2
pkirklandrq@nsu.edu,969,High Cabinets,"High cabinet with shelves/2 doors, white/Hggeby white",Ikea WC - Haggeby White,Cabinets,$80 ,3
bmaclaverty2v@nsu.edu,993,High Cabinets,"High cabinet with shelves/2 doors, white/Hggeby white",Ikea WC - Haggeby White,Cabinets,$80 ,1
cmaxted8c@nsu.edu,768,Indoor & Live Plants,Zen Peace Lily Plant - Spathyphyllium - Great House Plant,Lily Plant,House Plant,$12 ,3
cmaxted8c@nsu.edu,2541,Indoor & Live Plants,Zen Peace Lily Plant - Spathyphyllium - Great House Plant,Lily Plant,House Plant,$12 ,3
dnaughton9f@nsu.edu,260,Iphone,iPhone,13 Pro Max,New iPhone Model,"$1,100 ",5
mlempertz10@yandex.ru,376,Iphone,iPhone,13 Pro Max,New iPhone Model,"$1,100 ",4
glibbie7q@nsu.edu,77,Iphone,iPhone,13 Pro Max,New iPhone Model,"$1,100 ",4
mfairhamf0@nsu.edu,299,Iphone,iPhone,13 Pro Max,New iPhone Model,"$1,100 ",2
jcarvil9@economist.com,199,Iphone,iPhone,13 Pro Max,New iPhone Model,"$1,100 ",3
oreppaportr0@nsu.edu,57,Iphone,iPhone,13 Pro Max,New iPhone Model,"$1,100 ",0
lcootesj9@nsu.edu,223,Iphone,iPhone,13 Pro Max,New iPhone Model,"$1,100 ",5
mromayniq@nsu.edu,625,Iphone,iPhone,13 Pro Max,New iPhone Model,"$1,100 ",3
shaydones@nsu.edu,132,Iphone,iPhone,13 Pro Max,New iPhone Model,"$1,100 ",4
abithellon@nsu.edu,391,Iphone,iPhone,13 Pro Max,New iPhone Model,"$1,100 ",3
oflahiveif@nsu.edu,55,Iphone,iPhone,13 Pro Max,New iPhone Model,"$1,100 ",5
oflahiveif@nsu.edu,90,Iphone,iPhone,13 Pro Max,New iPhone Model,"$1,100 ",5
mamymo@nsu.edu,16,Iphone,iPhone,13 Pro Max,New iPhone Model,"$1,100 ",3
dnaughton9f@nsu.edu,1645,Iphone,iPhone,13 Pro Max,New iPhone Model,"$1,100 ",5
mlempertz10@yandex.ru,1761,Iphone,iPhone,13 Pro Max,New iPhone Model,"$1,100 ",4
glibbie7q@nsu.edu,1885,Iphone,iPhone,13 Pro Max,New iPhone Model,"$1,100 ",4
mfairhamf0@nsu.edu,1901,Iphone,iPhone,13 Pro Max,New iPhone Model,"$1,100 ",2
jcarvil9@economist.com,1933,Iphone,iPhone,13 Pro Max,New iPhone Model,"$1,100 ",3
oreppaportr0@nsu.edu,2029,Iphone,iPhone,13 Pro Max,New iPhone Model,"$1,100 ",3
lcootesj9@nsu.edu,2089,Iphone,iPhone,13 Pro Max,New iPhone Model,"$1,100 ",5
mromayniq@nsu.edu,2165,Iphone,iPhone,13 Pro Max,New iPhone Model,"$1,100 ",3
shaydones@nsu.edu,2201,Iphone,iPhone,13 Pro Max,New iPhone Model,"$1,100 ",4
abithellon@nsu.edu,2241,Iphone,iPhone,13 Pro Max,New iPhone Model,"$1,100 ",3
oflahiveif@nsu.edu,2285,Iphone,iPhone,13 Pro Max,New iPhone Model,"$1,100 ",5
oflahiveif@nsu.edu,2293,Iphone,iPhone,13 Pro Max,New iPhone Model,"$1,100 ",5
mamymo@nsu.edu,2337,Iphone,iPhone,13 Pro Max,New iPhone Model,"$1,100 ",3
ndutchburnel@nsu.edu,714,Kidkraft Bancroft Wooden Playhouse,Kid Kraft WP,KK BC Wooden Playhouse,Kid's toys,$80 ,2
ndutchburnel@nsu.edu,2469,Kidkraft Bancroft Wooden Playhouse,Kid Kraft WP,KK BC Wooden Playhouse,Kid's toys,$80 ,2
mbuesdennk@nsu.edu,253,Kitchen & Appliances,Double boiler insert,Double boiler insert_for_all,Boiler,$35 ,2
iciobotarujm@nsu.edu,158,Kitchen & Appliances,Mixing bowl,Mr.Mixing bowl,Bowl,$50 ,3
mickowics63@nsu.edu,103,Kitchen & Appliances,Mixing bowl,Mr.Mixing bowl,Bowl,$50 ,4
fjacquemypl@nsu.edu,316,Kitchen & Appliances,Double boiler insert,Double boiler insert_for_all,Boiler,$35 ,4
bparkenl7@nsu.edu,231,Kitchen & Appliances,Mixing bowl,Mr.Mixing bowl,Bowl,$50 ,2
psarfat78@nsu.edu,63,Kitchen & Appliances,Mixing bowl,Mr.Mixing bowl,Bowl,$50 ,0
cpennettalf@nsu.edu,131,Kitchen & Appliances,Mixing bowl,Mr.Mixing bowl,Bowl,$50 ,0
strenamanhu@nsu.edu,11,Kitchen & Appliances,Mixing bowl,Mr.Mixing bowl,Bowl,$50 ,1
ltortispi@nsu.edu,17,Kitchen & Appliances,Double boiler insert,Double boiler insert_for_all,Boiler,$35 ,1
cmcallof@nsu.edu,846,Kitchen & Appliances,"Wall cabinet w glass door/2 drawers, white/Torhamn ash",Ikea WC - White,Cabinets,$80 ,1
jboultwoodre@nsu.edu,963,Kitchen & Appliances,"High cabinet with shelves/2 doors, white/Hggeby white",Ikea WC - Haggeby White,Cabinets,$80 ,3
fdeans6l@nsu.edu,1005,Kitchen & Appliances,"Sink, black quartz composite",Black quartz Sink,Sinks,$99 ,0
cgabeyeb@nsu.edu,1014,Kitchen & Appliances,"Sink, black quartz composite",Black quartz Sink,Sinks,$99 ,5
dlawteye2@nsu.edu,1017,Kitchen & Appliances,"Sink, black quartz composite",Black quartz Sink,Sinks,$99 ,5
msprackling43@nsu.edu,1041,Kitchen & Appliances,"Sink, black quartz composite",Black quartz Sink,Sinks,$99 ,3
gmackall4z@nsu.edu,1062,Kitchen & Appliances,"Sink, black quartz composite",Black quartz Sink,Sinks,$99 ,2
dgurge15@jimdo.com,1110,Kitchen & Appliances,"Apron front sink, white",White Apron Sink,Sinks,$99 ,1
eorrick96@nsu.edu,1116,Kitchen & Appliances,"Apron front sink, white",White Apron Sink,Sinks,$99 ,0
gechalieh4@nsu.edu,1152,Kitchen & Appliances,"Apron front sink, white",White Apron Sink,Sinks,$99 ,5
shaydones@nsu.edu,1158,Kitchen & Appliances,"Apron front sink, white",White Apron Sink,Sinks,$99 ,3
lcicchinellib5@nsu.edu,1161,Kitchen & Appliances,"Apron front sink, white",White Apron Sink,Sinks,$99 ,2
elyfecx@nsu.edu,1179,Kitchen & Appliances,Double bowl top mount sink,Top Mount Sink,Sinks,$99 ,4
cdiffley5w@nsu.edu,1191,Kitchen & Appliances,Double bowl top mount sink,Top Mount Sink,Sinks,$99 ,1
nscougallba@nsu.edu,1194,Kitchen & Appliances,Double bowl top mount sink,Top Mount Sink,Sinks,$99 ,1
hjehaes86@nsu.edu,1215,Kitchen & Appliances,Double bowl top mount sink,Top Mount Sink,Sinks,$99 ,5
kbennike0@merriam-webster.com,1230,Kitchen & Appliances,Double bowl top mount sink,Top Mount Sink,Sinks,$99 ,4
mbuddenqw@nsu.edu,1275,Kitchen & Appliances,Kitchen faucet with handspray,KF with HS,Faucets,$380 ,1
tlinebargerh@flickr.com,1326,Kitchen & Appliances,Kitchen faucet with handspray,KF with HS,Faucets,$380 ,1
wfranzenct@nsu.edu,1341,Kitchen & Appliances,Dual control kitchen faucet,DCKF,Faucets,$240 ,1
wlaurancegt@nsu.edu,1362,Kitchen & Appliances,Dual control kitchen faucet,DCKF,Faucets,$240 ,3
ghalvorsen95@nsu.edu,1380,Kitchen & Appliances,Dual control kitchen faucet,DCKF,Faucets,$240 ,4
wspadelli8j@nsu.edu,1392,Kitchen & Appliances,Kitchen faucet w sensor,KF with Sensor,Faucets,$600 ,4
mbuesdennk@nsu.edu,1849,Kitchen & Appliances,Double boiler insert,Double boiler insert_for_all,Boiler,$35 ,2
iciobotarujm@nsu.edu,1897,Kitchen & Appliances,Mixing bowl,Mr.Mixing bowl,Bowl,$50 ,3
mickowics63@nsu.edu,2017,Kitchen & Appliances,Mixing bowl,Mr.Mixing bowl,Bowl,$50 ,4
fjacquemypl@nsu.edu,2081,Kitchen & Appliances,Double boiler insert,Double boiler insert_for_all,Boiler,$35 ,4
bparkenl7@nsu.edu,2101,Kitchen & Appliances,Mixing bowl,Mr.Mixing bowl,Bowl,$50 ,2
psarfat78@nsu.edu,2149,Kitchen & Appliances,Mixing bowl,Mr.Mixing bowl,Bowl,$50 ,5
cpennettalf@nsu.edu,2321,Kitchen & Appliances,Mixing bowl,Mr.Mixing bowl,Bowl,$50 ,3
strenamanhu@nsu.edu,2365,Kitchen & Appliances,Mixing bowl,Mr.Mixing bowl,Bowl,$50 ,1
ltortispi@nsu.edu,2437,Kitchen & Appliances,Double boiler insert,Double boiler insert_for_all,Boiler,$35 ,1
rdichee@adobe.com,6,Kitchen & Cooking Accessories,Double boiler insert,Double boiler insert_for_all,Boiler,$35 ,3
kfeeney30@nsu.edu,215,Kitchen & Cooking Accessories,Mixing bowl,Mr.Mixing bowl,Bowl,$50 ,3
hmccurts@vinaora.com,93,Kitchen & Cooking Accessories,Mixing bowl,Mr.Mixing bowl,Bowl,$50 ,0
kkiesselhe@nsu.edu,224,Kitchen & Cooking Accessories,Double boiler insert,Double boiler insert_for_all,Boiler,$35 ,1
gdeblaseer@nsu.edu,218,Kitchen & Cooking Accessories,Mixing bowl,Mr.Mixing bowl,Bowl,$50 ,1
gnorecb@nsu.edu,699,Kitchen & Cooking Accessories,Mixing bowl,Mr.Mixing bowl,Bowl,$50 ,1
bspencleyka@nsu.edu,217,Kitchen & Cooking Accessories,Double boiler insert,Double boiler insert_for_all,Boiler,$35 ,5
tdairtonp8@nsu.edu,140,Kitchen & Cooking Accessories,Mixing bowl,Mr.Mixing bowl,Bowl,$50 ,0
msprackling43@nsu.edu,92,Kitchen & Cooking Accessories,Double boiler insert,Double boiler insert_for_all,Boiler,$35 ,5
mashling8s@nsu.edu,70,Kitchen & Cooking Accessories,Mixing bowl,Mr.Mixing bowl,Bowl,$50 ,3
lcuffehv@nsu.edu,168,Kitchen & Cooking Accessories,Mixing bowl,Mr.Mixing bowl,Bowl,$50 ,5
eorrick96@nsu.edu,289,Kitchen & Cooking Accessories,Double boiler insert,Double boiler insert_for_all,Boiler,$35 ,0
rwomack49@nsu.edu,108,Kitchen & Cooking Accessories,Double boiler insert,Double boiler insert_for_all,Boiler,$35 ,0
fcapronqr@nsu.edu,48,Kitchen & Cooking Accessories,Mixing bowl,Mr.Mixing bowl,Bowl,$50 ,3
eswanbourneq0@nsu.edu,43,Kitchen & Cooking Accessories,Double boiler insert,Double boiler insert_for_all,Boiler,$35 ,1
hcapellee6@nsu.edu,237,Kitchen & Cooking Accessories,Mixing bowl,Mr.Mixing bowl,Bowl,$50 ,5
eparmanpy@nsu.edu,13,Kitchen & Cooking Accessories,Mixing bowl,Mr.Mixing bowl,Bowl,$50 ,4
pbortolazziol@nsu.edu,331,Kitchen & Cooking Accessories,Mixing bowl,Mr.Mixing bowl,Bowl,$50 ,1
slittledike1a@dyndns.org,254,Kitchen & Cooking Accessories,Mixing bowl,Mr.Mixing bowl,Bowl,$50 ,2
tlinebargerh@flickr.com,278,Kitchen & Cooking Accessories,Mixing bowl,Mr.Mixing bowl,Bowl,$50 ,0
wfranzenct@nsu.edu,180,Kitchen & Cooking Accessories,Double boiler insert,Double boiler insert_for_all,Boiler,$35 ,4
rdichee@adobe.com,1625,Kitchen & Cooking Accessories,Double boiler insert,Double boiler insert_for_all,Boiler,$35 ,3
kfeeney30@nsu.edu,1685,Kitchen & Cooking Accessories,Mixing bowl,Mr.Mixing bowl,Bowl,$50 ,3
hmccurts@vinaora.com,1797,Kitchen & Cooking Accessories,Mixing bowl,Mr.Mixing bowl,Bowl,$50 ,2
kkiesselhe@nsu.edu,1841,Kitchen & Cooking Accessories,Double boiler insert,Double boiler insert_for_all,Boiler,$35 ,1
gdeblaseer@nsu.edu,1873,Kitchen & Cooking Accessories,Mixing bowl,Mr.Mixing bowl,Bowl,$50 ,1
gnorecb@nsu.edu,1905,Kitchen & Cooking Accessories,Mixing bowl,Mr.Mixing bowl,Bowl,$50 ,1
bspencleyka@nsu.edu,1913,Kitchen & Cooking Accessories,Double boiler insert,Double boiler insert_for_all,Boiler,$35 ,5
tdairtonp8@nsu.edu,1973,Kitchen & Cooking Accessories,Mixing bowl,Mr.Mixing bowl,Bowl,$50 ,1
msprackling43@nsu.edu,2045,Kitchen & Cooking Accessories,Double boiler insert,Double boiler insert_for_all,Boiler,$35 ,5
mashling8s@nsu.edu,2093,Kitchen & Cooking Accessories,Mixing bowl,Mr.Mixing bowl,Bowl,$50 ,3
lcuffehv@nsu.edu,2109,Kitchen & Cooking Accessories,Mixing bowl,Mr.Mixing bowl,Bowl,$50 ,5
eorrick96@nsu.edu,2145,Kitchen & Cooking Accessories,Double boiler insert,Double boiler insert_for_all,Boiler,$35 ,5
rwomack49@nsu.edu,2153,Kitchen & Cooking Accessories,Double boiler insert,Double boiler insert_for_all,Boiler,$35 ,5
fcapronqr@nsu.edu,2177,Kitchen & Cooking Accessories,Mixing bowl,Mr.Mixing bowl,Bowl,$50 ,3
eswanbourneq0@nsu.edu,2197,Kitchen & Cooking Accessories,Double boiler insert,Double boiler insert_for_all,Boiler,$35 ,1
hcapellee6@nsu.edu,2309,Kitchen & Cooking Accessories,Mixing bowl,Mr.Mixing bowl,Bowl,$50 ,5
eparmanpy@nsu.edu,2345,Kitchen & Cooking Accessories,Mixing bowl,Mr.Mixing bowl,Bowl,$50 ,4
pbortolazziol@nsu.edu,2369,Kitchen & Cooking Accessories,Mixing bowl,Mr.Mixing bowl,Bowl,$50 ,1
slittledike1a@dyndns.org,2397,Kitchen & Cooking Accessories,Mixing bowl,Mr.Mixing bowl,Bowl,$50 ,2
tlinebargerh@flickr.com,2421,Kitchen & Cooking Accessories,Mixing bowl,Mr.Mixing bowl,Bowl,$50 ,3
wfranzenct@nsu.edu,2445,Kitchen & Cooking Accessories,Double boiler insert,Double boiler insert_for_all,Boiler,$35 ,4
dbrinkworth7i@nsu.edu,801,Kitchen Cabinets,"Wall cabinet with 2 doors30x15x40 """,Ikea WC - 2 doors,Cabinets,$80 ,2
asimonsen7z@nsu.edu,834,Kitchen Cabinets,"Wall cabinet w glass door/2 drawers, white/Torhamn ash",Ikea WC - White,Cabinets,$80 ,3
awillderjq@nsu.edu,840,Kitchen Cabinets,"Wall cabinet w glass door/2 drawers, white/Torhamn ash",Ikea WC - White,Cabinets,$80 ,5
iciobotarujm@nsu.edu,930,Kitchen Cabinets,"High cabinet with shelves/2 doors, white/Hggeby white",Ikea WC - Haggeby White,Cabinets,$80 ,4
mcrumlyfk@nsu.edu,954,Kitchen Cabinets,"High cabinet with shelves/2 doors, white/Hggeby white",Ikea WC - Haggeby White,Cabinets,$80 ,4
kperle7k@nsu.edu,978,Kitchen Cabinets,"High cabinet with shelves/2 doors, white/Hggeby white",Ikea WC - Haggeby White,Cabinets,$80 ,2
tdairtonp8@nsu.edu,987,Kitchen Cabinets,"High cabinet with shelves/2 doors, white/Hggeby white",Ikea WC - Haggeby White,Cabinets,$80 ,2
dbrinkworth7i@nsu.edu,2585,Kitchen Cabinets,"Wall cabinet with 2 doors30x15x40 """,Ikea WC - 2 doors,Cabinets,$80 ,2
dbraffington7n@nsu.edu,1011,Kitchen Faucets & Sinks,"Sink, black quartz composite",Black quartz Sink,Sinks,$99 ,0
mickowics63@nsu.edu,1020,Kitchen Faucets & Sinks,"Sink, black quartz composite",Black quartz Sink,Sinks,$99 ,4
dabelson7x@nsu.edu,1095,Kitchen Faucets & Sinks,"Sink, black quartz composite",Black quartz Sink,Sinks,$99 ,1
fcapronqr@nsu.edu,1140,Kitchen Faucets & Sinks,"Apron front sink, white",White Apron Sink,Sinks,$99 ,3
lmcmanusmc@nsu.edu,1143,Kitchen Faucets & Sinks,"Apron front sink, white",White Apron Sink,Sinks,$99 ,4
jjewettjh@nsu.edu,1164,Kitchen Faucets & Sinks,"Apron front sink, white",White Apron Sink,Sinks,$99 ,5
naspcu@nsu.edu,1197,Kitchen Faucets & Sinks,Double bowl top mount sink,Top Mount Sink,Sinks,$99 ,3
ahaskerjg@nsu.edu,1251,Kitchen Faucets & Sinks,Kitchen faucet with handspray,KF with HS,Faucets,$380 ,2
mbernasekrm@nsu.edu,1314,Kitchen Faucets & Sinks,Kitchen faucet with handspray,KF with HS,Faucets,$380 ,1
tlinebargerh@flickr.com,1323,Kitchen Faucets & Sinks,Kitchen faucet with handspray,KF with HS,Faucets,$380 ,1
nrideoutmi@nsu.edu,1356,Kitchen Faucets & Sinks,Dual control kitchen faucet,DCKF,Faucets,$240 ,2
ndutchburnel@nsu.edu,1359,Kitchen Faucets & Sinks,Dual control kitchen faucet,DCKF,Faucets,$240 ,2
dmccritchiej3@nsu.edu,1374,Kitchen Faucets & Sinks,Dual control kitchen faucet,DCKF,Faucets,$240 ,3
gdowtry4j@nsu.edu,1398,Kitchen Faucets & Sinks,Kitchen faucet w sensor,KF with Sensor,Faucets,$600 ,1
jkasman1i@histats.com,285,Lip,Retractable Rouge Gel Lip Liner,Sephora Rouge Gel Lip Liner,Lip Liner,$20 ,2
ldickinsbh@nsu.edu,327,Lip,Retractable Rouge Gel Lip Liner,Sephora Rouge Gel Lip Liner,Lip Liner,$20 ,3
rcayton5r@nsu.edu,100,Lip,Retractable Rouge Gel Lip Liner,Sephora Rouge Gel Lip Liner,Lip Liner,$20 ,4
nlarhamap@nsu.edu,298,Lip,Retractable Rouge Gel Lip Liner,Sephora Rouge Gel Lip Liner,Lip Liner,$20 ,0
aforsythay@nsu.edu,162,Lip,Retractable Rouge Gel Lip Liner,Sephora Rouge Gel Lip Liner,Lip Liner,$20 ,1
bmaclaverty2v@nsu.edu,400,Lip,Retractable Rouge Gel Lip Liner,Sephora Rouge Gel Lip Liner,Lip Liner,$20 ,3
dlawteye2@nsu.edu,314,Lip,Retractable Rouge Gel Lip Liner,Sephora Rouge Gel Lip Liner,Lip Liner,$20 ,4
jberntjd@nsu.edu,72,Lip,Retractable Rouge Gel Lip Liner,Sephora Rouge Gel Lip Liner,Lip Liner,$20 ,2
lthornberbk@nsu.edu,600,Lip,Retractable Rouge Gel Lip Liner,Sephora Rouge Gel Lip Liner,Lip Liner,$20 ,5
lcicchinellib5@nsu.edu,356,Lip,Retractable Rouge Gel Lip Liner,Sephora Rouge Gel Lip Liner,Lip Liner,$20 ,3
jthwaite4l@nsu.edu,184,Lip,Retractable Rouge Gel Lip Liner,Sephora Rouge Gel Lip Liner,Lip Liner,$20 ,0
cjedrzejewskypo@nsu.edu,345,Lip,Retractable Rouge Gel Lip Liner,Sephora Rouge Gel Lip Liner,Lip Liner,$20 ,1
ikneesha3v@nsu.edu,222,Lip,Retractable Rouge Gel Lip Liner,Sephora Rouge Gel Lip Liner,Lip Liner,$20 ,3
gdignall3j@nsu.edu,177,Lip,Retractable Rouge Gel Lip Liner,Sephora Rouge Gel Lip Liner,Lip Liner,$20 ,0
pclampettfg@nsu.edu,243,Lip,Retractable Rouge Gel Lip Liner,Sephora Rouge Gel Lip Liner,Lip Liner,$20 ,2
gearngycp@nsu.edu,142,Lip,Retractable Rouge Gel Lip Liner,Sephora Rouge Gel Lip Liner,Lip Liner,$20 ,3
kwilcockesfx@nsu.edu,382,Lip,Retractable Rouge Gel Lip Liner,Sephora Rouge Gel Lip Liner,Lip Liner,$20 ,2
jgarrood8v@nsu.edu,1050,Lip,Retractable Rouge Gel Lip Liner,Sephora Rouge Gel Lip Liner,Lip Liner,$20 ,4
gmackall4z@nsu.edu,1059,Lip,Retractable Rouge Gel Lip Liner,Sephora Rouge Gel Lip Liner,Lip Liner,$20 ,4
fjacquemypl@nsu.edu,1068,Lip,Retractable Rouge Gel Lip Liner,Sephora Rouge Gel Lip Liner,Lip Liner,$20 ,2
mashling8s@nsu.edu,1077,Lip,Retractable Rouge Gel Lip Liner,Sephora Rouge Gel Lip Liner,Lip Liner,$20 ,1
ituppm2@nsu.edu,1101,Lip,Retractable Rouge Gel Lip Liner,Sephora Rouge Gel Lip Liner,Lip Liner,$20 ,4
belfordb@yahoo.co.jp,1113,Lip,Retractable Rouge Gel Lip Liner,Sephora Rouge Gel Lip Liner,Lip Liner,$20 ,0
psarfat78@nsu.edu,1119,Lip,Retractable Rouge Gel Lip Liner,Sephora Rouge Gel Lip Liner,Lip Liner,$20 ,0
eswanbourneq0@nsu.edu,1155,Lip,Retractable Rouge Gel Lip Liner,Sephora Rouge Gel Lip Liner,Lip Liner,$20 ,3
cdutnallr1@nsu.edu,1236,Lip,Retractable Rouge Gel Lip Liner,Sephora Rouge Gel Lip Liner,Lip Liner,$20 ,5
gdignall3j@nsu.edu,1245,Lip,Retractable Rouge Gel Lip Liner,Sephora Rouge Gel Lip Liner,Lip Liner,$20 ,3
cceaser3h@nsu.edu,1278,Lip,Retractable Rouge Gel Lip Liner,Sephora Rouge Gel Lip Liner,Lip Liner,$20 ,1
pbortolazziol@nsu.edu,1284,Lip,Retractable Rouge Gel Lip Liner,Sephora Rouge Gel Lip Liner,Lip Liner,$20 ,5
wlaurancegt@nsu.edu,1365,Lip,Retractable Rouge Gel Lip Liner,Sephora Rouge Gel Lip Liner,Lip Liner,$20 ,4
jkasman1i@histats.com,1673,Lip,Retractable Rouge Gel Lip Liner,Sephora Rouge Gel Lip Liner,Lip Liner,$20 ,2
ldickinsbh@nsu.edu,1697,Lip,Retractable Rouge Gel Lip Liner,Sephora Rouge Gel Lip Liner,Lip Liner,$20 ,3
rcayton5r@nsu.edu,1853,Lip,Retractable Rouge Gel Lip Liner,Sephora Rouge Gel Lip Liner,Lip Liner,$20 ,4
nlarhamap@nsu.edu,1925,Lip,Retractable Rouge Gel Lip Liner,Sephora Rouge Gel Lip Liner,Lip Liner,$20 ,3
aforsythay@nsu.edu,1957,Lip,Retractable Rouge Gel Lip Liner,Sephora Rouge Gel Lip Liner,Lip Liner,$20 ,1
bmaclaverty2v@nsu.edu,1981,Lip,Retractable Rouge Gel Lip Liner,Sephora Rouge Gel Lip Liner,Lip Liner,$20 ,3
dlawteye2@nsu.edu,2013,Lip,Retractable Rouge Gel Lip Liner,Sephora Rouge Gel Lip Liner,Lip Liner,$20 ,4
jberntjd@nsu.edu,2121,Lip,Retractable Rouge Gel Lip Liner,Sephora Rouge Gel Lip Liner,Lip Liner,$20 ,2
lthornberbk@nsu.edu,2185,Lip,Retractable Rouge Gel Lip Liner,Sephora Rouge Gel Lip Liner,Lip Liner,$20 ,5
lcicchinellib5@nsu.edu,2205,Lip,Retractable Rouge Gel Lip Liner,Sephora Rouge Gel Lip Liner,Lip Liner,$20 ,3
jthwaite4l@nsu.edu,2261,Lip,Retractable Rouge Gel Lip Liner,Sephora Rouge Gel Lip Liner,Lip Liner,$20 ,3
cjedrzejewskypo@nsu.edu,2273,Lip,Retractable Rouge Gel Lip Liner,Sephora Rouge Gel Lip Liner,Lip Liner,$20 ,1
ikneesha3v@nsu.edu,2301,Lip,Retractable Rouge Gel Lip Liner,Sephora Rouge Gel Lip Liner,Lip Liner,$20 ,3
gdignall3j@nsu.edu,2317,Lip,Retractable Rouge Gel Lip Liner,Sephora Rouge Gel Lip Liner,Lip Liner,$20 ,5
pclampettfg@nsu.edu,2349,Lip,Retractable Rouge Gel Lip Liner,Sephora Rouge Gel Lip Liner,Lip Liner,$20 ,2
gearngycp@nsu.edu,2377,Lip,Retractable Rouge Gel Lip Liner,Sephora Rouge Gel Lip Liner,Lip Liner,$20 ,3
kwilcockesfx@nsu.edu,2393,Lip,Retractable Rouge Gel Lip Liner,Sephora Rouge Gel Lip Liner,Lip Liner,$20 ,2
nheckjx@nsu.edu,813,Long Sleeves,Long-sleeved Jersey Top,H&M Jersey Top,Cute Jersey Top,$30 ,5
bspencleyka@nsu.edu,942,Long Sleeves,Long-sleeved Jersey Top,H&M Jersey Top,Cute Jersey Top,$30 ,5
solooneybx@nsu.edu,984,Long Sleeves,Long-sleeved Jersey Top,H&M Jersey Top,Cute Jersey Top,$30 ,5
oreppaportr0@nsu.edu,1029,Long Sleeves,Long-sleeved Jersey Top,H&M Jersey Top,Cute Jersey Top,$30 ,2
adebellis2@mit.edu,1182,Long Sleeves,Long-sleeved Jersey Top,Gap Jersey Top,Cute Jersey Top,$30 ,1
jkruszelnickik3@nsu.edu,1218,Long Sleeves,Long-sleeved Jersey Top,Gap Jersey Top,Cute Jersey Top,$30 ,3
dmccritchiej3@nsu.edu,109,Makeup,Liquid Touch Concealer Brush,Rare Beauty Liquid Touch Brush,Makeup Brush,$15 ,5
rpointn@globo.com,375,Makeup,Liquid Touch Concealer Brush,Rare Beauty Liquid Touch Brush,Makeup Brush,$15 ,3
amaccathayam@nsu.edu,74,Makeup,Liquid Touch Concealer Brush,Rare Beauty Liquid Touch Brush,Makeup Brush,$15 ,0
ascohiergc@nsu.edu,233,Makeup,Retractable Rouge Gel Lip Liner,Sephora Rouge Gel Lip Liner,Lip Liner,$20 ,1
emillhill6q@nsu.edu,287,Makeup,Liquid Touch Concealer Brush,Rare Beauty Liquid Touch Brush,Makeup Brush,$15 ,5
solooneybx@nsu.edu,264,Makeup,Liquid Touch Concealer Brush,Rare Beauty Liquid Touch Brush,Makeup Brush,$15 ,0
fdeans6l@nsu.edu,238,Makeup,Liquid Touch Concealer Brush,Rare Beauty Liquid Touch Brush,Makeup Brush,$15 ,5
tizzatt4e@nsu.edu,105,Makeup,Retractable Rouge Gel Lip Liner,Sephora Rouge Gel Lip Liner,Lip Liner,$20 ,1
cfridpm@nsu.edu,337,Makeup,Liquid Touch Concealer Brush,Rare Beauty Liquid Touch Brush,Makeup Brush,$15 ,4
ofumagalliqv@nsu.edu,861,Makeup,Waffled Bathrobe,Lotus SuperProtector Sunscreen,Sunscreen,$25 ,4
lcootesj9@nsu.edu,1074,Makeup,Retractable Rouge Gel Lip Liner,Sephora Rouge Gel Lip Liner,Lip Liner,$20 ,2
itompkinson28@pcworld.com,1086,Makeup,Unseen Sunscreen SPF 40 PA+++,Lotus SuperProtector Sunscreen,Sunscreen,$25 ,5
vrissonh@nsu.edu,1092,Makeup,Hollywood Flawless Filter,Loreal Foundation Supreme,Foundation,$20 ,1
cjedrzejewskypo@nsu.edu,1212,Makeup,Retractable Rouge Gel Lip Liner,Sephora Rouge Gel Lip Liner,Lip Liner,$20 ,1
hcapellee6@nsu.edu,1239,Makeup,Liquid Touch Concealer Brush,Rare Beauty Liquid Touch Brush,Makeup Brush,$15 ,4
strenamanhu@nsu.edu,1281,Makeup,Unseen Sunscreen SPF 40 PA+++,Lotus SuperProtector Sunscreen,Sunscreen,$25 ,3
hbintonme@nsu.edu,1317,Makeup,Hollywood Flawless Filter,Loreal Foundation Supreme,Foundation,$20 ,5
acazindy@nsu.edu,1320,Makeup,Retractable Rouge Gel Lip Liner,Sephora Rouge Gel Lip Liner,Lip Liner,$20 ,3
wfranzenct@nsu.edu,1344,Makeup,Retractable Rouge Gel Lip Liner,Sephora Rouge Gel Lip Liner,Lip Liner,$20 ,2
ghalvorsen95@nsu.edu,1377,Makeup,Liquid Touch Concealer Brush,Rare Beauty Liquid Touch Brush,Makeup Brush,$15 ,1
wspadelli8j@nsu.edu,1395,Makeup,Liquid Touch Concealer Brush,Rare Beauty Liquid Touch Brush,Makeup Brush,$15 ,4
dmccritchiej3@nsu.edu,1629,Makeup,Liquid Touch Concealer Brush,Rare Beauty Liquid Touch Brush,Makeup Brush,$15 ,5
rpointn@globo.com,1649,Makeup,Liquid Touch Concealer Brush,Rare Beauty Liquid Touch Brush,Makeup Brush,$15 ,3
amaccathayam@nsu.edu,1705,Makeup,Liquid Touch Concealer Brush,Rare Beauty Liquid Touch Brush,Makeup Brush,$15 ,5
ascohiergc@nsu.edu,1821,Makeup,Retractable Rouge Gel Lip Liner,Sephora Rouge Gel Lip Liner,Lip Liner,$20 ,1
emillhill6q@nsu.edu,1893,Makeup,Liquid Touch Concealer Brush,Rare Beauty Liquid Touch Brush,Makeup Brush,$15 ,5
solooneybx@nsu.edu,1969,Makeup,Liquid Touch Concealer Brush,Rare Beauty Liquid Touch Brush,Makeup Brush,$15 ,5
fdeans6l@nsu.edu,1997,Makeup,Liquid Touch Concealer Brush,Rare Beauty Liquid Touch Brush,Makeup Brush,$15 ,5
tizzatt4e@nsu.edu,2217,Makeup,Retractable Rouge Gel Lip Liner,Sephora Rouge Gel Lip Liner,Lip Liner,$20 ,1
cfridpm@nsu.edu,2333,Makeup,Liquid Touch Concealer Brush,Rare Beauty Liquid Touch Brush,Makeup Brush,$15 ,4
spinwillhg@nsu.edu,765,Meat & Seafood,Fresh Wild Caught Snow Crab,Snow Crab,Fresh Snow Crab,$18 ,2
spinwillhg@nsu.edu,2537,Meat & Seafood,Fresh Wild Caught Snow Crab,Snow Crab,Fresh Snow Crab,$18 ,2
cmcallof@nsu.edu,296,Mixing & Measuring Tools,Mixing bowl,Mr.Mixing bowl,Bowl,$50 ,1
avirr66@nsu.edu,366,Mixing & Measuring Tools,Mixing bowl,Mr.Mixing bowl,Bowl,$50 ,5
glibbie7q@nsu.edu,349,Mixing & Measuring Tools,Mixing bowl,Mr.Mixing bowl,Bowl,$50 ,3
hleroy7s@nsu.edu,293,Mixing & Measuring Tools,Mixing bowl,Mr.Mixing bowl,Bowl,$50 ,5
jcory4w@nsu.edu,286,Mixing & Measuring Tools,Mixing bowl,Mr.Mixing bowl,Bowl,$50 ,3
kmusslewhitedp@nsu.edu,255,Mixing & Measuring Tools,Mixing bowl,Mr.Mixing bowl,Bowl,$50 ,1
vconquest69@nsu.edu,371,Mixing & Measuring Tools,Mixing bowl,Mr.Mixing bowl,Bowl,$50 ,2
ctelezhking7@nsu.edu,160,Mixing & Measuring Tools,Mixing bowl,Mr.Mixing bowl,Bowl,$50 ,4
ahaskerjg@nsu.edu,123,Mixing & Measuring Tools,Mixing bowl,Mr.Mixing bowl,Bowl,$50 ,0
zcornillibb@nsu.edu,84,Mixing & Measuring Tools,Mixing bowl,Mr.Mixing bowl,Bowl,$50 ,3
kwilcockesfx@nsu.edu,338,Mixing & Measuring Tools,Mixing bowl,Mr.Mixing bowl,Bowl,$50 ,5
wfranzenct@nsu.edu,204,Mixing & Measuring Tools,Mixing bowl,Mr.Mixing bowl,Bowl,$50 ,5
cmcallof@nsu.edu,1785,Mixing & Measuring Tools,Mixing bowl,Mr.Mixing bowl,Bowl,$50 ,1
avirr66@nsu.edu,1829,Mixing & Measuring Tools,Mixing bowl,Mr.Mixing bowl,Bowl,$50 ,5
glibbie7q@nsu.edu,1881,Mixing & Measuring Tools,Mixing bowl,Mr.Mixing bowl,Bowl,$50 ,3
hleroy7s@nsu.edu,1917,Mixing & Measuring Tools,Mixing bowl,Mr.Mixing bowl,Bowl,$50 ,5
jcory4w@nsu.edu,1945,Mixing & Measuring Tools,Mixing bowl,Mr.Mixing bowl,Bowl,$50 ,3
kmusslewhitedp@nsu.edu,2037,Mixing & Measuring Tools,Mixing bowl,Mr.Mixing bowl,Bowl,$50 ,1
vconquest69@nsu.edu,2129,Mixing & Measuring Tools,Mixing bowl,Mr.Mixing bowl,Bowl,$50 ,2
ctelezhking7@nsu.edu,2225,Mixing & Measuring Tools,Mixing bowl,Mr.Mixing bowl,Bowl,$50 ,4
ahaskerjg@nsu.edu,2325,Mixing & Measuring Tools,Mixing bowl,Mr.Mixing bowl,Bowl,$50 ,2
zcornillibb@nsu.edu,2373,Mixing & Measuring Tools,Mixing bowl,Mr.Mixing bowl,Bowl,$50 ,3
kwilcockesfx@nsu.edu,2389,Mixing & Measuring Tools,Mixing bowl,Mr.Mixing bowl,Bowl,$50 ,5
wfranzenct@nsu.edu,2449,Mixing & Measuring Tools,Mixing bowl,Mr.Mixing bowl,Bowl,$50 ,5
rpointn@globo.com,744,Outdoor Decor,Outdoor 2-Piece Deep Seat Cushion,Deep Seat Cushion,Comfortable,$35 ,5
rpointn@globo.com,2509,Outdoor Decor,Outdoor 2-Piece Deep Seat Cushion,Deep Seat Cushion,Comfortable,$35 ,5
wlaurancegt@nsu.edu,717,Pain Relievers,Tylenol Extra Strength Acetaminophen Rapid Release Gels,Tylenol Gel,Relieve Pain,$5 ,5
wlaurancegt@nsu.edu,2473,Pain Relievers,Tylenol Extra Strength Acetaminophen Rapid Release Gels,Tylenol Gel,Relieve Pain,$5 ,5
ldickinsbh@nsu.edu,780,Patio & Garden,lanterns,Chinese Lanterns,Beautiful in the sky,$20 ,4
ldickinsbh@nsu.edu,2557,Patio & Garden,lanterns,Chinese Lanterns,Beautiful in the sky,$20 ,4
clelievre1q@spiegel.de,756,Patio Conversation Sets,Mainstays Tuscany Ridge Outdoor 4 Piece Wicker Conversation Set,Tuscany Ridge Conversation Set,4 Piece Conversation Set,$299 ,2
clelievre1q@spiegel.de,2525,Patio Conversation Sets,Mainstays Tuscany Ridge Outdoor 4 Piece Wicker Conversation Set,Tuscany Ridge Conversation Set,5 Piece Conversation Set,$299 ,2
dmccritchiej3@nsu.edu,729,Performance Nutrition,Body Fortress Super Advanced Whey Protein,BF SA Whey,Gains!,$99 ,3
dmccritchiej3@nsu.edu,2489,Performance Nutrition,Body Fortress Super Advanced Whey Protein,BF SA Whey,Gains!,$99 ,3
ghalvorsen95@nsu.edu,735,Pets,Blue Buffalo Freedom Chicken Dry Dog Food for Senior Dogs,BB FC Dry Dog Food,Healthy and Yummy,$69 ,5
ghalvorsen95@nsu.edu,2497,Pets,Blue Buffalo Freedom Chicken Dry Dog Food for Senior Dogs,BB FC Dry Dog Food,Healthy and Yummy,$69 ,5
jspraggon8f@nsu.edu,759,Pies,Patti LaBelle 8 inch Sweet Potato Pie,Sweet Potato Pie,Mouthwatering Pie,$8 ,3
jspraggon8f@nsu.edu,2529,Pies,Patti LaBelle 8 inch Sweet Potato Pie,Sweet Potato Pie,Mouthwatering Pie,$8 ,3
predittjv@nsu.edu,738,Playstation,Horizon: Forbidden West Launch Edition,Horizon: FW,Adventure MMO,$200 ,3
predittjv@nsu.edu,2501,Playstation,Horizon: Forbidden West Launch Edition,Horizon: FW,Adventure MMO,$200 ,3
cmaxted8c@nsu.edu,65,Samsung,Samsung Galaxy,S22,Powerful Android,$850 ,4
alillecrop1u@about.com,197,Samsung,Samsung Galaxy,S22,Powerful Android,$850 ,4
fstodartdu@nsu.edu,329,Samsung,Samsung Galaxy,S22,Powerful Android,$850 ,1
nscougallba@nsu.edu,176,Samsung,Samsung Galaxy,S22,Powerful Android,$850 ,1
kbennike0@merriam-webster.com,330,Samsung,Samsung Galaxy,S22,Powerful Android,$850 ,2
mbuddenqw@nsu.edu,368,Samsung,Samsung Galaxy,S22,Powerful Android,$850 ,2
tlinebargerh@flickr.com,1,Samsung,Samsung Galaxy,S22,Powerful Android,$850 ,4
cmaxted8c@nsu.edu,1681,Samsung,Samsung Galaxy,S23,Powerful Android,$850 ,4
alillecrop1u@about.com,1801,Samsung,Samsung Galaxy,S23,Powerful Android,$850 ,4
fstodartdu@nsu.edu,2061,Samsung,Samsung Galaxy,S23,Powerful Android,$850 ,1
nscougallba@nsu.edu,2249,Samsung,Samsung Galaxy,S23,Powerful Android,$850 ,1
kbennike0@merriam-webster.com,2297,Samsung,Samsung Galaxy,S23,Powerful Android,$850 ,2
mbuddenqw@nsu.edu,2357,Samsung,Samsung Galaxy,S22,Powerful Android,$850 ,2
tlinebargerh@flickr.com,2429,Samsung,Samsung Galaxy,S23,Powerful Android,$850 ,4
bbartkowiak6t@nsu.edu,792,Sleepwear,Satin and Lace Bathrobe,Mainstays Satin Bathrobe,Satin Bathrobe,$40 ,3
zcowl7l@nsu.edu,831,Sleepwear,Washed Linen Bathrobe,Mainstays Linen Bathrobe,Brobe,$40 ,1
alillecrop1u@about.com,858,Sleepwear,Washed Linen Bathrobe,Mainstays Linen Bathrobe,Brobe,$40 ,2
ascohiergc@nsu.edu,873,Sleepwear,Satin and Lace Bathrobe,Mainstays Satin Bathrobe,Brobe,$40 ,5
avirr66@nsu.edu,879,Sleepwear,Satin and Lace Bathrobe,Mainstays Satin Bathrobe,Brobe,$40 ,4
mbuesdennk@nsu.edu,894,Sleepwear,Waffled Bathrobe,Mainstays Waffled Bathrobe,Brobe,$40 ,0
gdeblaseer@nsu.edu,912,Sleepwear,Waffled Bathrobe,Mainstays Waffled Bathrobe,Brobe,$40 ,4
bparkenl7@nsu.edu,1083,Sleepwear,Waffled Bathrobe,Mainstays Waffled Bathrobe,Brobe,$40 ,4
rwomack49@nsu.edu,1122,Sleepwear,Waffled Bathrobe,Mainstays Waffled Bathrobe,Brobe,$40 ,0
mromayniq@nsu.edu,1131,Sleepwear,Waffled Bathrobe,Mainstays Waffled Bathrobe,Brobe,$40 ,5
bbartkowiak6t@nsu.edu,2573,Sleepwear,Satin and Lace Bathrobe,Mainstays Satin Bathrobe,Satin Bathrobe,$40 ,3
ghalvorsen95@nsu.edu,192,Tops,Oversized T-shirt,Skeleton Hand Print Oversized tee,Attractive tee,$110 ,0
dcordeniw@nsu.edu,164,Tops,Oversized T-shirt,Skeleton Hand Print Oversized tee,Attractive tee,$110 ,5
awillderjq@nsu.edu,205,Tops,Oversized T-shirt,Skeleton Hand Print Oversized tee,Attractive tee,$110 ,2
edionisiih1@nsu.edu,34,Tops,Oversized T-shirt,Skeleton Hand Print Oversized tee,Attractive tee,$110 ,3
gechalieh4@nsu.edu,81,Tops,Ribbed Turtleneck Bodysuit,Wilde Black Ribbed Long Sleeve Mock Neck Bodysuit,Turtleneck tee,$120 ,1
elyfecx@nsu.edu,75,Tops,Oversized T-shirt,Skeleton Hand Print Oversized tee,Attractive tee,$110 ,2
rdellenbroker6c@nsu.edu,69,Tops,Ribbed Turtleneck Bodysuit,Wilde Black Ribbed Long Sleeve Mock Neck Bodysuit,Turtleneck tee,$120 ,3
ecortingq@nsu.edu,96,Tops,Oversized T-shirt,Skeleton Hand Print Oversized tee,Attractive tee,$110 ,3
ecortingq@nsu.edu,309,Tops,Ribbed Turtleneck Bodysuit,Wilde Black Ribbed Long Sleeve Mock Neck Bodysuit,Turtleneck tee,$120 ,3
cmcpolindw@nsu.edu,798,Tops,Long-sleeved Jersey Top,H&M Jersey Top,Full Sleeves,$30 ,1
glibbie7q@nsu.edu,924,Tops,Long-sleeved Jersey Top,H&M Jersey Top,Cute Jersey Top,$30 ,4
nlarhamap@nsu.edu,951,Tops,Long-sleeved Jersey Top,H&M Jersey Top,Cute Jersey Top,$30 ,3
aforsythay@nsu.edu,975,Tops,Long-sleeved Jersey Top,H&M Jersey Top,Cute Jersey Top,$30 ,1
qricardoufm@nsu.edu,1023,Tops,Long-sleeved Jersey Top,H&M Jersey Top,Cute Jersey Top,$30 ,3
rvanderhoeven9h@nsu.edu,1167,Tops,Long-sleeved Jersey Top,Gap Jersey Top,Cute Jersey Top,$30 ,1
rbuchankl@nsu.edu,1185,Tops,Long-sleeved Jersey Top,Gap Jersey Top,Cute Jersey Top,$30 ,3
oflahiveif@nsu.edu,1224,Tops,Long-sleeved Jersey Top,Gap Jersey Top,Cute Jersey Top,$30 ,4
ghalvorsen95@nsu.edu,1637,Tops,Oversized T-shirt,Skeleton Hand Print Oversized tee,Attractive tee,$110 ,3
dcordeniw@nsu.edu,1689,Tops,Oversized T-shirt,Skeleton Hand Print Oversized tee,Attractive tee,$110 ,5
awillderjq@nsu.edu,1777,Tops,Oversized T-shirt,Skeleton Hand Print Oversized tee,Attractive tee,$110 ,2
edionisiih1@nsu.edu,2085,Tops,Oversized T-shirt,Skeleton Hand Print Oversized tee,Attractive tee,$110 ,3
gechalieh4@nsu.edu,2193,Tops,Ribbed Turtleneck Bodysuit,Wilde Black Ribbed Long Sleeve Mock Neck Bodysuit,Turtleneck tee,$120 ,1
elyfecx@nsu.edu,2229,Tops,Oversized T-shirt,Skeleton Hand Print Oversized tee,Attractive tee,$110 ,2
rdellenbroker6c@nsu.edu,2405,Tops,Ribbed Turtleneck Bodysuit,Wilde Black Ribbed Long Sleeve Mock Neck Bodysuit,Turtleneck tee,$120 ,3
ecortingq@nsu.edu,2453,Tops,Oversized T-shirt,Skeleton Hand Print Oversized tee,Attractive tee,$110 ,3
ecortingq@nsu.edu,2457,Tops,Ribbed Turtleneck Bodysuit,Wilde Black Ribbed Long Sleeve Mock Neck Bodysuit,Turtleneck tee,$120 ,3
cmcpolindw@nsu.edu,2581,Tops,Long-sleeved Jersey Top,H&M Jersey Top,Full Sleeves,$30 ,1
nrideoutmi@nsu.edu,708,Toys,Monster Jam El Toro,MJ Mega El Toro,Kid's toys,$70 ,2
nrideoutmi@nsu.edu,2461,Toys,Monster Jam El Toro,MJ Mega El Toro,Kid's toys,$70 ,2
clelievre1q@spiegel.de,364,T-Shirts,Oversized T-shirt,Skeleton Hand Print Oversized tee,Attractive tee,$110 ,5
cmcpolindw@nsu.edu,354,T-Shirts,Oversized T-shirt,Skeleton Hand Print Oversized tee,Attractive tee,$110 ,5
onewlindl@nsu.edu,71,T-Shirts,Oversized T-shirt,Skeleton Hand Print Oversized tee,Attractive tee,$110 ,3
lmcmanusmc@nsu.edu,240,T-Shirts,Oversized T-shirt,Skeleton Hand Print Oversized tee,Attractive tee,$110 ,1
cdullardbp@nsu.edu,350,T-Shirts,Oversized T-shirt,Skeleton Hand Print Oversized tee,Attractive tee,$110 ,4
wfranzenct@nsu.edu,262,T-Shirts,Oversized T-shirt,Skeleton Hand Print Oversized tee,Attractive tee,$110 ,2
clelievre1q@spiegel.de,1665,T-Shirts,Oversized T-shirt,Skeleton Hand Print Oversized tee,Attractive tee,$110 ,5
cmcpolindw@nsu.edu,1721,T-Shirts,Oversized T-shirt,Skeleton Hand Print Oversized tee,Attractive tee,$110 ,5
onewlindl@nsu.edu,1869,T-Shirts,Oversized T-shirt,Skeleton Hand Print Oversized tee,Attractive tee,$110 ,3
lmcmanusmc@nsu.edu,2181,T-Shirts,Oversized T-shirt,Skeleton Hand Print Oversized tee,Attractive tee,$110 ,1
cdullardbp@nsu.edu,2329,T-Shirts,Oversized T-shirt,Skeleton Hand Print Oversized tee,Attractive tee,$110 ,4
wfranzenct@nsu.edu,2441,T-Shirts,Oversized T-shirt,Skeleton Hand Print Oversized tee,Attractive tee,$110 ,2
rdichee@adobe.com,726,Video Games,Elden Ring,ER: MMO,Interactive MMO,$150 ,4
rdichee@adobe.com,2485,Video Games,Elden Ring,ER: MMO,Interactive MMO,$150 ,4
bstrangeri3@nsu.edu,789,Wall Cabinets,"Wall cabinet with 2 doors30x15x40 """,Ikea WC - 2 doors,Cabinets,$80 ,1
akelby20@drupal.org,822,Wall Cabinets,"Wall cabinet with 2 doors30x15x40 """,Ikea WC - 2 doors,Cabinets,$80 ,4
glibbie7q@nsu.edu,921,Wall Cabinets,"Wall cabinet w glass door/2 drawers, white/Torhamn ash",Ikea WC - White,Cabinets,$80 ,5
bstrangeri3@nsu.edu,2569,Wall Cabinets,"Wall cabinet with 2 doors30x15x40 """,Ikea WC - 2 doors,Cabinets,$80 ,1
wlaurancegt@nsu.edu,720,Wellness,Spring Valley Extra Strength Melatonin Tablets,SV ES Melatonin,Sleep like a baby,$10 ,5
wlaurancegt@nsu.edu,2477,Wellness,Spring Valley Extra Strength Melatonin Tablets,SV ES Melatonin,Sleep like a baby,$10 ,5
dcordeniw@nsu.edu,774,Yoga,Evolve by Gaiam Grippy Yoga Barre Socks,GG Yoga Socks,Comfortable,$10 ,4
dcordeniw@nsu.edu,2549,Yoga,Evolve by Gaiam Grippy Yoga Barre Socks,GG Yoga Socks,Comfortable,$10 ,4
